source,xmlPath,metric,rawMetric,value
/home/NETID/kyryllk/497finalprograms/FinalizedReadyForMetrics/ProgrammabilityMetricsOutput/MotifSearch/MASS/raw/cccc/MASS_MotifSearch.xml,CCCC_Project/procedural_detail[2]/member_function[9]/lines_of_code_per_line_of_comment[6],lines_of_code_per_line_of_comment,lines_of_code_per_line_of_comment,5.312
/home/NETID/kyryllk/497finalprograms/FinalizedReadyForMetrics/ProgrammabilityMetricsOutput/MotifSearch/MASS/raw/cccc/MASS_MotifSearch.xml,CCCC_Project/procedural_detail[2]/member_function[9]/lines_of_comment[5],lines_of_comment,lines_of_comment,16.0
/home/NETID/kyryllk/497finalprograms/FinalizedReadyForMetrics/ProgrammabilityMetricsOutput/MotifSearch/MASS/raw/cccc/MASS_MotifSearch.xml,CCCC_Project/procedural_detail[2]/member_function[9]/McCabes_cyclomatic_complexity[4],mccabes_cyclomatic_complexity,McCabes_cyclomatic_complexity,1.0
/home/NETID/kyryllk/497finalprograms/FinalizedReadyForMetrics/ProgrammabilityMetricsOutput/MotifSearch/MASS/raw/cccc/MASS_MotifSearch.xml,CCCC_Project/procedural_detail[2]/member_function[9]/lines_of_code[3],lines_of_code,lines_of_code,85.0
/home/NETID/kyryllk/497finalprograms/FinalizedReadyForMetrics/ProgrammabilityMetricsOutput/MotifSearch/MASS/raw/cccc/MASS_MotifSearch.xml,CCCC_Project/procedural_detail[2]/member_function[8]/McCabes_cyclomatic_complexity_per_line_of_comment[7],mccabes_cyclomatic_complexity_per_line_of_comment,McCabes_cyclomatic_complexity_per_line_of_comment,0.6
/home/NETID/kyryllk/497finalprograms/FinalizedReadyForMetrics/ProgrammabilityMetricsOutput/MotifSearch/MASS/raw/cccc/MASS_MotifSearch.xml,CCCC_Project/procedural_detail[2]/member_function[8]/lines_of_code_per_line_of_comment[6],lines_of_code_per_line_of_comment,lines_of_code_per_line_of_comment,10.0
/home/NETID/kyryllk/497finalprograms/FinalizedReadyForMetrics/ProgrammabilityMetricsOutput/MotifSearch/MASS/raw/cccc/MASS_MotifSearch.xml,CCCC_Project/procedural_detail[2]/member_function[8]/lines_of_comment[5],lines_of_comment,lines_of_comment,30.0
/home/NETID/kyryllk/497finalprograms/FinalizedReadyForMetrics/ProgrammabilityMetricsOutput/MotifSearch/MASS/raw/cccc/MASS_MotifSearch.xml,CCCC_Project/procedural_detail[2]/member_function[8]/McCabes_cyclomatic_complexity[4],mccabes_cyclomatic_complexity,McCabes_cyclomatic_complexity,18.0
/home/NETID/kyryllk/497finalprograms/FinalizedReadyForMetrics/ProgrammabilityMetricsOutput/MotifSearch/MASS/raw/cccc/MASS_MotifSearch.xml,CCCC_Project/procedural_detail[2]/member_function[8]/lines_of_code[3],lines_of_code,lines_of_code,300.0
/home/NETID/kyryllk/497finalprograms/FinalizedReadyForMetrics/ProgrammabilityMetricsOutput/MotifSearch/MASS/raw/cccc/MASS_MotifSearch.xml,CCCC_Project/procedural_detail[2]/member_function[7]/lines_of_code_per_line_of_comment[6],lines_of_code_per_line_of_comment,lines_of_code_per_line_of_comment,25.0
/home/NETID/kyryllk/497finalprograms/FinalizedReadyForMetrics/ProgrammabilityMetricsOutput/MotifSearch/MASS/raw/cccc/MASS_MotifSearch.xml,CCCC_Project/procedural_detail[2]/member_function[7]/lines_of_comment[5],lines_of_comment,lines_of_comment,1.0
/home/NETID/kyryllk/497finalprograms/FinalizedReadyForMetrics/ProgrammabilityMetricsOutput/MotifSearch/MASS/raw/cccc/MASS_MotifSearch.xml,CCCC_Project/procedural_detail[2]/member_function[7]/McCabes_cyclomatic_complexity[4],mccabes_cyclomatic_complexity,McCabes_cyclomatic_complexity,0.0
/home/NETID/kyryllk/497finalprograms/FinalizedReadyForMetrics/ProgrammabilityMetricsOutput/MotifSearch/MASS/raw/cccc/MASS_MotifSearch.xml,CCCC_Project/procedural_detail[2]/member_function[7]/lines_of_code[3],lines_of_code,lines_of_code,25.0
/home/NETID/kyryllk/497finalprograms/FinalizedReadyForMetrics/ProgrammabilityMetricsOutput/MotifSearch/MASS/raw/cccc/MASS_MotifSearch.xml,CCCC_Project/procedural_detail[2]/member_function[6]/McCabes_cyclomatic_complexity_per_line_of_comment[7],mccabes_cyclomatic_complexity_per_line_of_comment,McCabes_cyclomatic_complexity_per_line_of_comment,6.5
/home/NETID/kyryllk/497finalprograms/FinalizedReadyForMetrics/ProgrammabilityMetricsOutput/MotifSearch/MASS/raw/cccc/MASS_MotifSearch.xml,CCCC_Project/procedural_detail[2]/member_function[6]/lines_of_code_per_line_of_comment[6],lines_of_code_per_line_of_comment,lines_of_code_per_line_of_comment,38.5
/home/NETID/kyryllk/497finalprograms/FinalizedReadyForMetrics/ProgrammabilityMetricsOutput/MotifSearch/MASS/raw/cccc/MASS_MotifSearch.xml,CCCC_Project/procedural_detail[2]/member_function[6]/lines_of_comment[5],lines_of_comment,lines_of_comment,2.0
/home/NETID/kyryllk/497finalprograms/FinalizedReadyForMetrics/ProgrammabilityMetricsOutput/MotifSearch/MASS/raw/cccc/MASS_MotifSearch.xml,CCCC_Project/procedural_detail[2]/member_function[6]/McCabes_cyclomatic_complexity[4],mccabes_cyclomatic_complexity,McCabes_cyclomatic_complexity,13.0
/home/NETID/kyryllk/497finalprograms/FinalizedReadyForMetrics/ProgrammabilityMetricsOutput/MotifSearch/MASS/raw/cccc/MASS_MotifSearch.xml,CCCC_Project/procedural_detail[2]/member_function[6]/lines_of_code[3],lines_of_code,lines_of_code,77.0
/home/NETID/kyryllk/497finalprograms/FinalizedReadyForMetrics/ProgrammabilityMetricsOutput/MotifSearch/MASS/raw/cccc/MASS_MotifSearch.xml,CCCC_Project/procedural_detail[2]/member_function[5]/lines_of_code_per_line_of_comment[6],lines_of_code_per_line_of_comment,lines_of_code_per_line_of_comment,29.0
/home/NETID/kyryllk/497finalprograms/FinalizedReadyForMetrics/ProgrammabilityMetricsOutput/MotifSearch/MASS/raw/cccc/MASS_MotifSearch.xml,CCCC_Project/procedural_detail[2]/member_function[5]/lines_of_comment[5],lines_of_comment,lines_of_comment,1.0
/home/NETID/kyryllk/497finalprograms/FinalizedReadyForMetrics/ProgrammabilityMetricsOutput/MotifSearch/MASS/raw/cccc/MASS_MotifSearch.xml,CCCC_Project/procedural_detail[2]/member_function[5]/McCabes_cyclomatic_complexity[4],mccabes_cyclomatic_complexity,McCabes_cyclomatic_complexity,2.0
/home/NETID/kyryllk/497finalprograms/FinalizedReadyForMetrics/ProgrammabilityMetricsOutput/MotifSearch/MASS/raw/cccc/MASS_MotifSearch.xml,CCCC_Project/procedural_detail[2]/member_function[5]/lines_of_code[3],lines_of_code,lines_of_code,29.0
/home/NETID/kyryllk/497finalprograms/FinalizedReadyForMetrics/ProgrammabilityMetricsOutput/MotifSearch/MASS/raw/cccc/MASS_MotifSearch.xml,CCCC_Project/procedural_detail[2]/member_function[4]/McCabes_cyclomatic_complexity_per_line_of_comment[7],mccabes_cyclomatic_complexity_per_line_of_comment,McCabes_cyclomatic_complexity_per_line_of_comment,3.333
/home/NETID/kyryllk/497finalprograms/FinalizedReadyForMetrics/ProgrammabilityMetricsOutput/MotifSearch/MASS/raw/cccc/MASS_MotifSearch.xml,CCCC_Project/procedural_detail[2]/member_function[4]/lines_of_code_per_line_of_comment[6],lines_of_code_per_line_of_comment,lines_of_code_per_line_of_comment,36.0
/home/NETID/kyryllk/497finalprograms/FinalizedReadyForMetrics/ProgrammabilityMetricsOutput/MotifSearch/MASS/raw/cccc/MASS_MotifSearch.xml,CCCC_Project/procedural_detail[2]/member_function[4]/lines_of_comment[5],lines_of_comment,lines_of_comment,3.0
/home/NETID/kyryllk/497finalprograms/FinalizedReadyForMetrics/ProgrammabilityMetricsOutput/MotifSearch/MASS/raw/cccc/MASS_MotifSearch.xml,CCCC_Project/procedural_detail[2]/member_function[4]/McCabes_cyclomatic_complexity[4],mccabes_cyclomatic_complexity,McCabes_cyclomatic_complexity,10.0
/home/NETID/kyryllk/497finalprograms/FinalizedReadyForMetrics/ProgrammabilityMetricsOutput/MotifSearch/MASS/raw/cccc/MASS_MotifSearch.xml,CCCC_Project/procedural_detail[2]/member_function[4]/lines_of_code[3],lines_of_code,lines_of_code,108.0
/home/NETID/kyryllk/497finalprograms/FinalizedReadyForMetrics/ProgrammabilityMetricsOutput/MotifSearch/MASS/raw/cccc/MASS_MotifSearch.xml,CCCC_Project/procedural_detail[2]/member_function[3]/McCabes_cyclomatic_complexity_per_line_of_comment[7],mccabes_cyclomatic_complexity_per_line_of_comment,McCabes_cyclomatic_complexity_per_line_of_comment,2.0
/home/NETID/kyryllk/497finalprograms/FinalizedReadyForMetrics/ProgrammabilityMetricsOutput/MotifSearch/MASS/raw/cccc/MASS_MotifSearch.xml,CCCC_Project/procedural_detail[2]/member_function[3]/lines_of_code_per_line_of_comment[6],lines_of_code_per_line_of_comment,lines_of_code_per_line_of_comment,22.333
/home/NETID/kyryllk/497finalprograms/FinalizedReadyForMetrics/ProgrammabilityMetricsOutput/MotifSearch/MASS/raw/cccc/MASS_MotifSearch.xml,CCCC_Project/procedural_detail[2]/member_function[3]/lines_of_comment[5],lines_of_comment,lines_of_comment,3.0
/home/NETID/kyryllk/497finalprograms/FinalizedReadyForMetrics/ProgrammabilityMetricsOutput/MotifSearch/MASS/raw/cccc/MASS_MotifSearch.xml,CCCC_Project/procedural_detail[2]/member_function[3]/McCabes_cyclomatic_complexity[4],mccabes_cyclomatic_complexity,McCabes_cyclomatic_complexity,6.0
/home/NETID/kyryllk/497finalprograms/FinalizedReadyForMetrics/ProgrammabilityMetricsOutput/MotifSearch/MASS/raw/cccc/MASS_MotifSearch.xml,CCCC_Project/procedural_detail[2]/member_function[3]/lines_of_code[3],lines_of_code,lines_of_code,67.0
/home/NETID/kyryllk/497finalprograms/FinalizedReadyForMetrics/ProgrammabilityMetricsOutput/MotifSearch/MASS/raw/cccc/MASS_MotifSearch.xml,CCCC_Project/procedural_detail[2]/member_function[2]/McCabes_cyclomatic_complexity_per_line_of_comment[7],mccabes_cyclomatic_complexity_per_line_of_comment,McCabes_cyclomatic_complexity_per_line_of_comment,4.5
/home/NETID/kyryllk/497finalprograms/FinalizedReadyForMetrics/ProgrammabilityMetricsOutput/MotifSearch/MASS/raw/cccc/MASS_MotifSearch.xml,CCCC_Project/procedural_detail[2]/member_function[2]/lines_of_code_per_line_of_comment[6],lines_of_code_per_line_of_comment,lines_of_code_per_line_of_comment,22.5
/home/NETID/kyryllk/497finalprograms/FinalizedReadyForMetrics/ProgrammabilityMetricsOutput/MotifSearch/MASS/raw/cccc/MASS_MotifSearch.xml,CCCC_Project/procedural_detail[2]/member_function[2]/lines_of_comment[5],lines_of_comment,lines_of_comment,2.0
/home/NETID/kyryllk/497finalprograms/FinalizedReadyForMetrics/ProgrammabilityMetricsOutput/MotifSearch/MASS/raw/cccc/MASS_MotifSearch.xml,CCCC_Project/procedural_detail[2]/member_function[2]/McCabes_cyclomatic_complexity[4],mccabes_cyclomatic_complexity,McCabes_cyclomatic_complexity,9.0
/home/NETID/kyryllk/497finalprograms/FinalizedReadyForMetrics/ProgrammabilityMetricsOutput/MotifSearch/MASS/raw/cccc/MASS_MotifSearch.xml,CCCC_Project/procedural_detail[2]/member_function[2]/lines_of_code[3],lines_of_code,lines_of_code,45.0
/home/NETID/kyryllk/497finalprograms/FinalizedReadyForMetrics/ProgrammabilityMetricsOutput/MotifSearch/MASS/raw/cccc/MASS_MotifSearch.xml,CCCC_Project/procedural_detail[2]/member_function[1]/lines_of_code_per_line_of_comment[6],lines_of_code_per_line_of_comment,lines_of_code_per_line_of_comment,63.0
/home/NETID/kyryllk/497finalprograms/FinalizedReadyForMetrics/ProgrammabilityMetricsOutput/MotifSearch/MASS/raw/cccc/MASS_MotifSearch.xml,CCCC_Project/procedural_detail[2]/member_function[1]/lines_of_comment[5],lines_of_comment,lines_of_comment,1.0
/home/NETID/kyryllk/497finalprograms/FinalizedReadyForMetrics/ProgrammabilityMetricsOutput/MotifSearch/MASS/raw/cccc/MASS_MotifSearch.xml,CCCC_Project/procedural_detail[2]/member_function[1]/McCabes_cyclomatic_complexity[4],mccabes_cyclomatic_complexity,McCabes_cyclomatic_complexity,1.0
/home/NETID/kyryllk/497finalprograms/FinalizedReadyForMetrics/ProgrammabilityMetricsOutput/MotifSearch/MASS/raw/cccc/MASS_MotifSearch.xml,CCCC_Project/procedural_detail[2]/member_function[1]/lines_of_code[3],lines_of_code,lines_of_code,63.0
/home/NETID/kyryllk/497finalprograms/FinalizedReadyForMetrics/ProgrammabilityMetricsOutput/MotifSearch/MASS/raw/cccc/MASS_MotifSearch.xml,CCCC_Project/procedural_detail[2]/member_function[0]/lines_of_code_per_line_of_comment[6],lines_of_code_per_line_of_comment,lines_of_code_per_line_of_comment,14.5
/home/NETID/kyryllk/497finalprograms/FinalizedReadyForMetrics/ProgrammabilityMetricsOutput/MotifSearch/MASS/raw/cccc/MASS_MotifSearch.xml,CCCC_Project/procedural_detail[2]/member_function[0]/lines_of_comment[5],lines_of_comment,lines_of_comment,2.0
/home/NETID/kyryllk/497finalprograms/FinalizedReadyForMetrics/ProgrammabilityMetricsOutput/MotifSearch/MASS/raw/cccc/MASS_MotifSearch.xml,CCCC_Project/procedural_detail[2]/member_function[0]/McCabes_cyclomatic_complexity[4],mccabes_cyclomatic_complexity,McCabes_cyclomatic_complexity,4.0
/home/NETID/kyryllk/497finalprograms/FinalizedReadyForMetrics/ProgrammabilityMetricsOutput/MotifSearch/MASS/raw/cccc/MASS_MotifSearch.xml,CCCC_Project/procedural_detail[2]/member_function[0]/lines_of_code[3],lines_of_code,lines_of_code,29.0
/home/NETID/kyryllk/497finalprograms/FinalizedReadyForMetrics/ProgrammabilityMetricsOutput/MotifSearch/MASS/raw/cccc/MASS_MotifSearch.xml,CCCC_Project/module_detail[1]/lines_of_comment[4],lines_of_comment,lines_of_comment,11.0
/home/NETID/kyryllk/497finalprograms/FinalizedReadyForMetrics/ProgrammabilityMetricsOutput/MotifSearch/MASS/raw/cccc/MASS_MotifSearch.xml,CCCC_Project/module_detail[1]/McCabes_cyclomatic_complexity[3],mccabes_cyclomatic_complexity,McCabes_cyclomatic_complexity,0.0
/home/NETID/kyryllk/497finalprograms/FinalizedReadyForMetrics/ProgrammabilityMetricsOutput/MotifSearch/MASS/raw/cccc/MASS_MotifSearch.xml,CCCC_Project/module_detail[1]/lines_of_code[2],lines_of_code,lines_of_code,5.0
/home/NETID/kyryllk/497finalprograms/FinalizedReadyForMetrics/ProgrammabilityMetricsOutput/MotifSearch/MASS/raw/cccc/MASS_MotifSearch.xml,CCCC_Project/module_summary[0]/IF4_concrete[17],if4_concrete,IF4_concrete,0.0
/home/NETID/kyryllk/497finalprograms/FinalizedReadyForMetrics/ProgrammabilityMetricsOutput/MotifSearch/MASS/raw/cccc/MASS_MotifSearch.xml,CCCC_Project/module_summary[0]/IF4_visible[15],if4_visible,IF4_visible,0.0
/home/NETID/kyryllk/497finalprograms/FinalizedReadyForMetrics/ProgrammabilityMetricsOutput/MotifSearch/MASS/raw/cccc/MASS_MotifSearch.xml,CCCC_Project/module_summary[0]/IF4[13],if4,IF4,0.0
/home/NETID/kyryllk/497finalprograms/FinalizedReadyForMetrics/ProgrammabilityMetricsOutput/MotifSearch/MASS/raw/cccc/MASS_MotifSearch.xml,CCCC_Project/module_summary[0]/coupling_between_objects[12],coupling_between_objects,coupling_between_objects,3.0
/home/NETID/kyryllk/497finalprograms/FinalizedReadyForMetrics/ProgrammabilityMetricsOutput/MotifSearch/MASS/raw/cccc/MASS_MotifSearch.xml,CCCC_Project/module_summary[0]/number_of_children[11],number_of_children,number_of_children,0.0
/home/NETID/kyryllk/497finalprograms/FinalizedReadyForMetrics/ProgrammabilityMetricsOutput/MotifSearch/MASS/raw/cccc/MASS_MotifSearch.xml,CCCC_Project/module_summary[0]/depth_of_inheritance_tree[10],depth_of_inheritance_tree,depth_of_inheritance_tree,0.0
/home/NETID/kyryllk/497finalprograms/FinalizedReadyForMetrics/ProgrammabilityMetricsOutput/MotifSearch/MASS/raw/cccc/MASS_MotifSearch.xml,CCCC_Project/module_summary[0]/weighted_methods_per_class_visibility[9],weighted_methods_per_class_visibility,weighted_methods_per_class_visibility,4.0
/home/NETID/kyryllk/497finalprograms/FinalizedReadyForMetrics/ProgrammabilityMetricsOutput/MotifSearch/MASS/raw/cccc/MASS_MotifSearch.xml,CCCC_Project/module_summary[0]/weighted_methods_per_class_unity[8],weighted_methods_per_class_unity,weighted_methods_per_class_unity,10.0
/home/NETID/kyryllk/497finalprograms/FinalizedReadyForMetrics/ProgrammabilityMetricsOutput/MotifSearch/MASS/raw/cccc/MASS_MotifSearch.xml,CCCC_Project/module_summary[0]/McCabes_cyclomatic_complexity_per_line_of_comment[7],mccabes_cyclomatic_complexity_per_line_of_comment,McCabes_cyclomatic_complexity_per_line_of_comment,0.889
/home/NETID/kyryllk/497finalprograms/FinalizedReadyForMetrics/ProgrammabilityMetricsOutput/MotifSearch/MASS/raw/cccc/MASS_MotifSearch.xml,CCCC_Project/module_summary[0]/lines_of_code_per_line_of_comment[6],lines_of_code_per_line_of_comment,lines_of_code_per_line_of_comment,11.569
/home/NETID/kyryllk/497finalprograms/FinalizedReadyForMetrics/ProgrammabilityMetricsOutput/MotifSearch/MASS/raw/cccc/MASS_MotifSearch.xml,CCCC_Project/module_summary[0]/lines_of_code[4],lines_of_code,lines_of_code,72.0
/home/NETID/kyryllk/497finalprograms/FinalizedReadyForMetrics/ProgrammabilityMetricsOutput/MotifSearch/MASS/raw/cccc/MASS_MotifSearch.xml,CCCC_Project/module_summary[0]/McCabes_cyclomatic_complexity[2],mccabes_cyclomatic_complexity,McCabes_cyclomatic_complexity,64.0
/home/NETID/kyryllk/497finalprograms/FinalizedReadyForMetrics/ProgrammabilityMetricsOutput/MotifSearch/MASS/raw/cccc/MASS_MotifSearch.xml,CCCC_Project/module_summary[0]/lines_of_code[0],lines_of_code,lines_of_code,833.0
/home/NETID/kyryllk/497finalprograms/FinalizedReadyForMetrics/ProgrammabilityMetricsOutput/MotifSearch/MASS/raw/cccc/anonymous.xml,CCCC_Project/procedural_detail[2]/member_function[2]/lines_of_code_per_line_of_comment[5],lines_of_code_per_line_of_comment,lines_of_code_per_line_of_comment,11.5
/home/NETID/kyryllk/497finalprograms/FinalizedReadyForMetrics/ProgrammabilityMetricsOutput/MotifSearch/MASS/raw/cccc/anonymous.xml,CCCC_Project/procedural_detail[2]/member_function[2]/lines_of_comment[4],lines_of_comment,lines_of_comment,4.0
/home/NETID/kyryllk/497finalprograms/FinalizedReadyForMetrics/ProgrammabilityMetricsOutput/MotifSearch/MASS/raw/cccc/anonymous.xml,CCCC_Project/procedural_detail[2]/member_function[2]/McCabes_cyclomatic_complexity[3],mccabes_cyclomatic_complexity,McCabes_cyclomatic_complexity,4.0
/home/NETID/kyryllk/497finalprograms/FinalizedReadyForMetrics/ProgrammabilityMetricsOutput/MotifSearch/MASS/raw/cccc/anonymous.xml,CCCC_Project/procedural_detail[2]/member_function[2]/lines_of_code[2],lines_of_code,lines_of_code,46.0
/home/NETID/kyryllk/497finalprograms/FinalizedReadyForMetrics/ProgrammabilityMetricsOutput/MotifSearch/MASS/raw/cccc/anonymous.xml,CCCC_Project/procedural_detail[2]/member_function[1]/lines_of_comment[4],lines_of_comment,lines_of_comment,1.0
/home/NETID/kyryllk/497finalprograms/FinalizedReadyForMetrics/ProgrammabilityMetricsOutput/MotifSearch/MASS/raw/cccc/anonymous.xml,CCCC_Project/procedural_detail[2]/member_function[1]/McCabes_cyclomatic_complexity[3],mccabes_cyclomatic_complexity,McCabes_cyclomatic_complexity,1.0
/home/NETID/kyryllk/497finalprograms/FinalizedReadyForMetrics/ProgrammabilityMetricsOutput/MotifSearch/MASS/raw/cccc/anonymous.xml,CCCC_Project/procedural_detail[2]/member_function[1]/lines_of_code[2],lines_of_code,lines_of_code,7.0
/home/NETID/kyryllk/497finalprograms/FinalizedReadyForMetrics/ProgrammabilityMetricsOutput/MotifSearch/MASS/raw/cccc/anonymous.xml,CCCC_Project/procedural_detail[2]/member_function[0]/lines_of_comment[4],lines_of_comment,lines_of_comment,1.0
/home/NETID/kyryllk/497finalprograms/FinalizedReadyForMetrics/ProgrammabilityMetricsOutput/MotifSearch/MASS/raw/cccc/anonymous.xml,CCCC_Project/procedural_detail[2]/member_function[0]/McCabes_cyclomatic_complexity[3],mccabes_cyclomatic_complexity,McCabes_cyclomatic_complexity,0.0
/home/NETID/kyryllk/497finalprograms/FinalizedReadyForMetrics/ProgrammabilityMetricsOutput/MotifSearch/MASS/raw/cccc/anonymous.xml,CCCC_Project/procedural_detail[2]/member_function[0]/lines_of_code[2],lines_of_code,lines_of_code,5.0
/home/NETID/kyryllk/497finalprograms/FinalizedReadyForMetrics/ProgrammabilityMetricsOutput/MotifSearch/MASS/raw/cccc/anonymous.xml,CCCC_Project/module_summary[0]/IF4_concrete[17],if4_concrete,IF4_concrete,0.0
/home/NETID/kyryllk/497finalprograms/FinalizedReadyForMetrics/ProgrammabilityMetricsOutput/MotifSearch/MASS/raw/cccc/anonymous.xml,CCCC_Project/module_summary[0]/IF4_visible[15],if4_visible,IF4_visible,0.0
/home/NETID/kyryllk/497finalprograms/FinalizedReadyForMetrics/ProgrammabilityMetricsOutput/MotifSearch/MASS/raw/cccc/anonymous.xml,CCCC_Project/module_summary[0]/IF4[13],if4,IF4,0.0
/home/NETID/kyryllk/497finalprograms/FinalizedReadyForMetrics/ProgrammabilityMetricsOutput/MotifSearch/MASS/raw/cccc/anonymous.xml,CCCC_Project/module_summary[0]/coupling_between_objects[12],coupling_between_objects,coupling_between_objects,0.0
/home/NETID/kyryllk/497finalprograms/FinalizedReadyForMetrics/ProgrammabilityMetricsOutput/MotifSearch/MASS/raw/cccc/anonymous.xml,CCCC_Project/module_summary[0]/number_of_children[11],number_of_children,number_of_children,0.0
/home/NETID/kyryllk/497finalprograms/FinalizedReadyForMetrics/ProgrammabilityMetricsOutput/MotifSearch/MASS/raw/cccc/anonymous.xml,CCCC_Project/module_summary[0]/depth_of_inheritance_tree[10],depth_of_inheritance_tree,depth_of_inheritance_tree,0.0
/home/NETID/kyryllk/497finalprograms/FinalizedReadyForMetrics/ProgrammabilityMetricsOutput/MotifSearch/MASS/raw/cccc/anonymous.xml,CCCC_Project/module_summary[0]/weighted_methods_per_class_visibility[9],weighted_methods_per_class_visibility,weighted_methods_per_class_visibility,0.0
/home/NETID/kyryllk/497finalprograms/FinalizedReadyForMetrics/ProgrammabilityMetricsOutput/MotifSearch/MASS/raw/cccc/anonymous.xml,CCCC_Project/module_summary[0]/weighted_methods_per_class_unity[8],weighted_methods_per_class_unity,weighted_methods_per_class_unity,3.0
/home/NETID/kyryllk/497finalprograms/FinalizedReadyForMetrics/ProgrammabilityMetricsOutput/MotifSearch/MASS/raw/cccc/anonymous.xml,CCCC_Project/module_summary[0]/McCabes_cyclomatic_complexity_per_line_of_comment[7],mccabes_cyclomatic_complexity_per_line_of_comment,McCabes_cyclomatic_complexity_per_line_of_comment,0.833
/home/NETID/kyryllk/497finalprograms/FinalizedReadyForMetrics/ProgrammabilityMetricsOutput/MotifSearch/MASS/raw/cccc/anonymous.xml,CCCC_Project/module_summary[0]/lines_of_code_per_line_of_comment[6],lines_of_code_per_line_of_comment,lines_of_code_per_line_of_comment,9.667
/home/NETID/kyryllk/497finalprograms/FinalizedReadyForMetrics/ProgrammabilityMetricsOutput/MotifSearch/MASS/raw/cccc/anonymous.xml,CCCC_Project/module_summary[0]/lines_of_code[4],lines_of_code,lines_of_code,6.0
/home/NETID/kyryllk/497finalprograms/FinalizedReadyForMetrics/ProgrammabilityMetricsOutput/MotifSearch/MASS/raw/cccc/anonymous.xml,CCCC_Project/module_summary[0]/McCabes_cyclomatic_complexity[2],mccabes_cyclomatic_complexity,McCabes_cyclomatic_complexity,5.0
/home/NETID/kyryllk/497finalprograms/FinalizedReadyForMetrics/ProgrammabilityMetricsOutput/MotifSearch/MASS/raw/cccc/anonymous.xml,CCCC_Project/module_summary[0]/lines_of_code[0],lines_of_code,lines_of_code,58.0
/home/NETID/kyryllk/497finalprograms/FinalizedReadyForMetrics/ProgrammabilityMetricsOutput/MotifSearch/MASS/raw/cccc/bool.xml,CCCC_Project/module_summary[0]/IF4_concrete[17],if4_concrete,IF4_concrete,0.0
/home/NETID/kyryllk/497finalprograms/FinalizedReadyForMetrics/ProgrammabilityMetricsOutput/MotifSearch/MASS/raw/cccc/bool.xml,CCCC_Project/module_summary[0]/IF4_visible[15],if4_visible,IF4_visible,0.0
/home/NETID/kyryllk/497finalprograms/FinalizedReadyForMetrics/ProgrammabilityMetricsOutput/MotifSearch/MASS/raw/cccc/bool.xml,CCCC_Project/module_summary[0]/IF4[13],if4,IF4,0.0
/home/NETID/kyryllk/497finalprograms/FinalizedReadyForMetrics/ProgrammabilityMetricsOutput/MotifSearch/MASS/raw/cccc/bool.xml,CCCC_Project/module_summary[0]/coupling_between_objects[12],coupling_between_objects,coupling_between_objects,0.0
/home/NETID/kyryllk/497finalprograms/FinalizedReadyForMetrics/ProgrammabilityMetricsOutput/MotifSearch/MASS/raw/cccc/bool.xml,CCCC_Project/module_summary[0]/number_of_children[11],number_of_children,number_of_children,0.0
/home/NETID/kyryllk/497finalprograms/FinalizedReadyForMetrics/ProgrammabilityMetricsOutput/MotifSearch/MASS/raw/cccc/bool.xml,CCCC_Project/module_summary[0]/depth_of_inheritance_tree[10],depth_of_inheritance_tree,depth_of_inheritance_tree,0.0
/home/NETID/kyryllk/497finalprograms/FinalizedReadyForMetrics/ProgrammabilityMetricsOutput/MotifSearch/MASS/raw/cccc/bool.xml,CCCC_Project/module_summary[0]/weighted_methods_per_class_visibility[9],weighted_methods_per_class_visibility,weighted_methods_per_class_visibility,0.0
/home/NETID/kyryllk/497finalprograms/FinalizedReadyForMetrics/ProgrammabilityMetricsOutput/MotifSearch/MASS/raw/cccc/bool.xml,CCCC_Project/module_summary[0]/weighted_methods_per_class_unity[8],weighted_methods_per_class_unity,weighted_methods_per_class_unity,0.0
/home/NETID/kyryllk/497finalprograms/FinalizedReadyForMetrics/ProgrammabilityMetricsOutput/MotifSearch/MASS/raw/cccc/bool.xml,CCCC_Project/module_summary[0]/lines_of_code[4],lines_of_code,lines_of_code,0.0
/home/NETID/kyryllk/497finalprograms/FinalizedReadyForMetrics/ProgrammabilityMetricsOutput/MotifSearch/MASS/raw/cccc/bool.xml,CCCC_Project/module_summary[0]/McCabes_cyclomatic_complexity[2],mccabes_cyclomatic_complexity,McCabes_cyclomatic_complexity,0.0
/home/NETID/kyryllk/497finalprograms/FinalizedReadyForMetrics/ProgrammabilityMetricsOutput/MotifSearch/MASS/raw/cccc/bool.xml,CCCC_Project/module_summary[0]/lines_of_code[0],lines_of_code,lines_of_code,0.0
/home/NETID/kyryllk/497finalprograms/FinalizedReadyForMetrics/ProgrammabilityMetricsOutput/MotifSearch/MASS/raw/cccc/cccc.xml,CCCC_Project/other_extents[5]/rejected_extent[1]/McCabes_cyclomatic_complexity[4],mccabes_cyclomatic_complexity,McCabes_cyclomatic_complexity,0.0
/home/NETID/kyryllk/497finalprograms/FinalizedReadyForMetrics/ProgrammabilityMetricsOutput/MotifSearch/MASS/raw/cccc/cccc.xml,CCCC_Project/other_extents[5]/rejected_extent[1]/lines_of_comment[3],lines_of_comment,lines_of_comment,1.0
/home/NETID/kyryllk/497finalprograms/FinalizedReadyForMetrics/ProgrammabilityMetricsOutput/MotifSearch/MASS/raw/cccc/cccc.xml,CCCC_Project/other_extents[5]/rejected_extent[1]/lines_of_code[2],lines_of_code,lines_of_code,1.0
/home/NETID/kyryllk/497finalprograms/FinalizedReadyForMetrics/ProgrammabilityMetricsOutput/MotifSearch/MASS/raw/cccc/cccc.xml,CCCC_Project/other_extents[5]/rejected_extent[0]/McCabes_cyclomatic_complexity[4],mccabes_cyclomatic_complexity,McCabes_cyclomatic_complexity,0.0
/home/NETID/kyryllk/497finalprograms/FinalizedReadyForMetrics/ProgrammabilityMetricsOutput/MotifSearch/MASS/raw/cccc/cccc.xml,CCCC_Project/other_extents[5]/rejected_extent[0]/lines_of_comment[3],lines_of_comment,lines_of_comment,0.0
/home/NETID/kyryllk/497finalprograms/FinalizedReadyForMetrics/ProgrammabilityMetricsOutput/MotifSearch/MASS/raw/cccc/cccc.xml,CCCC_Project/other_extents[5]/rejected_extent[0]/lines_of_code[2],lines_of_code,lines_of_code,4.0
/home/NETID/kyryllk/497finalprograms/FinalizedReadyForMetrics/ProgrammabilityMetricsOutput/MotifSearch/MASS/raw/cccc/cccc.xml,CCCC_Project/structural_summary[4]/module[8]/IF4[9],if4,IF4,0.0
/home/NETID/kyryllk/497finalprograms/FinalizedReadyForMetrics/ProgrammabilityMetricsOutput/MotifSearch/MASS/raw/cccc/cccc.xml,CCCC_Project/structural_summary[4]/module[8]/IF4_concrete[8],if4_concrete,IF4_concrete,0.0
/home/NETID/kyryllk/497finalprograms/FinalizedReadyForMetrics/ProgrammabilityMetricsOutput/MotifSearch/MASS/raw/cccc/cccc.xml,CCCC_Project/structural_summary[4]/module[8]/IF4_visible[7],if4_visible,IF4_visible,0.0
/home/NETID/kyryllk/497finalprograms/FinalizedReadyForMetrics/ProgrammabilityMetricsOutput/MotifSearch/MASS/raw/cccc/cccc.xml,CCCC_Project/structural_summary[4]/module[8]/fan_in[6],fan_in,fan_in,1.0
/home/NETID/kyryllk/497finalprograms/FinalizedReadyForMetrics/ProgrammabilityMetricsOutput/MotifSearch/MASS/raw/cccc/cccc.xml,CCCC_Project/structural_summary[4]/module[8]/fan_in_concrete[5],fan_in_concrete,fan_in_concrete,0.0
/home/NETID/kyryllk/497finalprograms/FinalizedReadyForMetrics/ProgrammabilityMetricsOutput/MotifSearch/MASS/raw/cccc/cccc.xml,CCCC_Project/structural_summary[4]/module[8]/fan_in_visible[4],fan_in_visible,fan_in_visible,1.0
/home/NETID/kyryllk/497finalprograms/FinalizedReadyForMetrics/ProgrammabilityMetricsOutput/MotifSearch/MASS/raw/cccc/cccc.xml,CCCC_Project/structural_summary[4]/module[8]/fan_out[3],fan_out,fan_out,0.0
/home/NETID/kyryllk/497finalprograms/FinalizedReadyForMetrics/ProgrammabilityMetricsOutput/MotifSearch/MASS/raw/cccc/cccc.xml,CCCC_Project/structural_summary[4]/module[8]/fan_out_concrete[2],fan_out_concrete,fan_out_concrete,0.0
/home/NETID/kyryllk/497finalprograms/FinalizedReadyForMetrics/ProgrammabilityMetricsOutput/MotifSearch/MASS/raw/cccc/cccc.xml,CCCC_Project/structural_summary[4]/module[8]/fan_out_visible[1],fan_out_visible,fan_out_visible,0.0
/home/NETID/kyryllk/497finalprograms/FinalizedReadyForMetrics/ProgrammabilityMetricsOutput/MotifSearch/MASS/raw/cccc/cccc.xml,CCCC_Project/structural_summary[4]/module[7]/IF4[9],if4,IF4,0.0
/home/NETID/kyryllk/497finalprograms/FinalizedReadyForMetrics/ProgrammabilityMetricsOutput/MotifSearch/MASS/raw/cccc/cccc.xml,CCCC_Project/structural_summary[4]/module[7]/IF4_concrete[8],if4_concrete,IF4_concrete,0.0
/home/NETID/kyryllk/497finalprograms/FinalizedReadyForMetrics/ProgrammabilityMetricsOutput/MotifSearch/MASS/raw/cccc/cccc.xml,CCCC_Project/structural_summary[4]/module[7]/IF4_visible[7],if4_visible,IF4_visible,0.0
/home/NETID/kyryllk/497finalprograms/FinalizedReadyForMetrics/ProgrammabilityMetricsOutput/MotifSearch/MASS/raw/cccc/cccc.xml,CCCC_Project/structural_summary[4]/module[7]/fan_in[6],fan_in,fan_in,1.0
/home/NETID/kyryllk/497finalprograms/FinalizedReadyForMetrics/ProgrammabilityMetricsOutput/MotifSearch/MASS/raw/cccc/cccc.xml,CCCC_Project/structural_summary[4]/module[7]/fan_in_concrete[5],fan_in_concrete,fan_in_concrete,1.0
/home/NETID/kyryllk/497finalprograms/FinalizedReadyForMetrics/ProgrammabilityMetricsOutput/MotifSearch/MASS/raw/cccc/cccc.xml,CCCC_Project/structural_summary[4]/module[7]/fan_in_visible[4],fan_in_visible,fan_in_visible,1.0
/home/NETID/kyryllk/497finalprograms/FinalizedReadyForMetrics/ProgrammabilityMetricsOutput/MotifSearch/MASS/raw/cccc/cccc.xml,CCCC_Project/structural_summary[4]/module[7]/fan_out[3],fan_out,fan_out,0.0
/home/NETID/kyryllk/497finalprograms/FinalizedReadyForMetrics/ProgrammabilityMetricsOutput/MotifSearch/MASS/raw/cccc/cccc.xml,CCCC_Project/structural_summary[4]/module[7]/fan_out_concrete[2],fan_out_concrete,fan_out_concrete,0.0
/home/NETID/kyryllk/497finalprograms/FinalizedReadyForMetrics/ProgrammabilityMetricsOutput/MotifSearch/MASS/raw/cccc/cccc.xml,CCCC_Project/structural_summary[4]/module[7]/fan_out_visible[1],fan_out_visible,fan_out_visible,0.0
/home/NETID/kyryllk/497finalprograms/FinalizedReadyForMetrics/ProgrammabilityMetricsOutput/MotifSearch/MASS/raw/cccc/cccc.xml,CCCC_Project/structural_summary[4]/module[6]/IF4[9],if4,IF4,0.0
/home/NETID/kyryllk/497finalprograms/FinalizedReadyForMetrics/ProgrammabilityMetricsOutput/MotifSearch/MASS/raw/cccc/cccc.xml,CCCC_Project/structural_summary[4]/module[6]/IF4_concrete[8],if4_concrete,IF4_concrete,0.0
/home/NETID/kyryllk/497finalprograms/FinalizedReadyForMetrics/ProgrammabilityMetricsOutput/MotifSearch/MASS/raw/cccc/cccc.xml,CCCC_Project/structural_summary[4]/module[6]/IF4_visible[7],if4_visible,IF4_visible,0.0
/home/NETID/kyryllk/497finalprograms/FinalizedReadyForMetrics/ProgrammabilityMetricsOutput/MotifSearch/MASS/raw/cccc/cccc.xml,CCCC_Project/structural_summary[4]/module[6]/fan_in[6],fan_in,fan_in,0.0
/home/NETID/kyryllk/497finalprograms/FinalizedReadyForMetrics/ProgrammabilityMetricsOutput/MotifSearch/MASS/raw/cccc/cccc.xml,CCCC_Project/structural_summary[4]/module[6]/fan_in_concrete[5],fan_in_concrete,fan_in_concrete,0.0
/home/NETID/kyryllk/497finalprograms/FinalizedReadyForMetrics/ProgrammabilityMetricsOutput/MotifSearch/MASS/raw/cccc/cccc.xml,CCCC_Project/structural_summary[4]/module[6]/fan_in_visible[4],fan_in_visible,fan_in_visible,0.0
/home/NETID/kyryllk/497finalprograms/FinalizedReadyForMetrics/ProgrammabilityMetricsOutput/MotifSearch/MASS/raw/cccc/cccc.xml,CCCC_Project/structural_summary[4]/module[6]/fan_out[3],fan_out,fan_out,0.0
/home/NETID/kyryllk/497finalprograms/FinalizedReadyForMetrics/ProgrammabilityMetricsOutput/MotifSearch/MASS/raw/cccc/cccc.xml,CCCC_Project/structural_summary[4]/module[6]/fan_out_concrete[2],fan_out_concrete,fan_out_concrete,0.0
/home/NETID/kyryllk/497finalprograms/FinalizedReadyForMetrics/ProgrammabilityMetricsOutput/MotifSearch/MASS/raw/cccc/cccc.xml,CCCC_Project/structural_summary[4]/module[6]/fan_out_visible[1],fan_out_visible,fan_out_visible,0.0
/home/NETID/kyryllk/497finalprograms/FinalizedReadyForMetrics/ProgrammabilityMetricsOutput/MotifSearch/MASS/raw/cccc/cccc.xml,CCCC_Project/structural_summary[4]/module[5]/IF4[9],if4,IF4,0.0
/home/NETID/kyryllk/497finalprograms/FinalizedReadyForMetrics/ProgrammabilityMetricsOutput/MotifSearch/MASS/raw/cccc/cccc.xml,CCCC_Project/structural_summary[4]/module[5]/IF4_concrete[8],if4_concrete,IF4_concrete,0.0
/home/NETID/kyryllk/497finalprograms/FinalizedReadyForMetrics/ProgrammabilityMetricsOutput/MotifSearch/MASS/raw/cccc/cccc.xml,CCCC_Project/structural_summary[4]/module[5]/IF4_visible[7],if4_visible,IF4_visible,0.0
/home/NETID/kyryllk/497finalprograms/FinalizedReadyForMetrics/ProgrammabilityMetricsOutput/MotifSearch/MASS/raw/cccc/cccc.xml,CCCC_Project/structural_summary[4]/module[5]/fan_in[6],fan_in,fan_in,1.0
/home/NETID/kyryllk/497finalprograms/FinalizedReadyForMetrics/ProgrammabilityMetricsOutput/MotifSearch/MASS/raw/cccc/cccc.xml,CCCC_Project/structural_summary[4]/module[5]/fan_in_concrete[5],fan_in_concrete,fan_in_concrete,0.0
/home/NETID/kyryllk/497finalprograms/FinalizedReadyForMetrics/ProgrammabilityMetricsOutput/MotifSearch/MASS/raw/cccc/cccc.xml,CCCC_Project/structural_summary[4]/module[5]/fan_in_visible[4],fan_in_visible,fan_in_visible,1.0
/home/NETID/kyryllk/497finalprograms/FinalizedReadyForMetrics/ProgrammabilityMetricsOutput/MotifSearch/MASS/raw/cccc/cccc.xml,CCCC_Project/structural_summary[4]/module[5]/fan_out[3],fan_out,fan_out,0.0
/home/NETID/kyryllk/497finalprograms/FinalizedReadyForMetrics/ProgrammabilityMetricsOutput/MotifSearch/MASS/raw/cccc/cccc.xml,CCCC_Project/structural_summary[4]/module[5]/fan_out_concrete[2],fan_out_concrete,fan_out_concrete,0.0
/home/NETID/kyryllk/497finalprograms/FinalizedReadyForMetrics/ProgrammabilityMetricsOutput/MotifSearch/MASS/raw/cccc/cccc.xml,CCCC_Project/structural_summary[4]/module[5]/fan_out_visible[1],fan_out_visible,fan_out_visible,0.0
/home/NETID/kyryllk/497finalprograms/FinalizedReadyForMetrics/ProgrammabilityMetricsOutput/MotifSearch/MASS/raw/cccc/cccc.xml,CCCC_Project/structural_summary[4]/module[4]/IF4[9],if4,IF4,0.0
/home/NETID/kyryllk/497finalprograms/FinalizedReadyForMetrics/ProgrammabilityMetricsOutput/MotifSearch/MASS/raw/cccc/cccc.xml,CCCC_Project/structural_summary[4]/module[4]/IF4_concrete[8],if4_concrete,IF4_concrete,0.0
/home/NETID/kyryllk/497finalprograms/FinalizedReadyForMetrics/ProgrammabilityMetricsOutput/MotifSearch/MASS/raw/cccc/cccc.xml,CCCC_Project/structural_summary[4]/module[4]/IF4_visible[7],if4_visible,IF4_visible,0.0
/home/NETID/kyryllk/497finalprograms/FinalizedReadyForMetrics/ProgrammabilityMetricsOutput/MotifSearch/MASS/raw/cccc/cccc.xml,CCCC_Project/structural_summary[4]/module[4]/fan_in[6],fan_in,fan_in,0.0
/home/NETID/kyryllk/497finalprograms/FinalizedReadyForMetrics/ProgrammabilityMetricsOutput/MotifSearch/MASS/raw/cccc/cccc.xml,CCCC_Project/structural_summary[4]/module[4]/fan_in_concrete[5],fan_in_concrete,fan_in_concrete,0.0
/home/NETID/kyryllk/497finalprograms/FinalizedReadyForMetrics/ProgrammabilityMetricsOutput/MotifSearch/MASS/raw/cccc/cccc.xml,CCCC_Project/structural_summary[4]/module[4]/fan_in_visible[4],fan_in_visible,fan_in_visible,0.0
/home/NETID/kyryllk/497finalprograms/FinalizedReadyForMetrics/ProgrammabilityMetricsOutput/MotifSearch/MASS/raw/cccc/cccc.xml,CCCC_Project/structural_summary[4]/module[4]/fan_out[3],fan_out,fan_out,0.0
/home/NETID/kyryllk/497finalprograms/FinalizedReadyForMetrics/ProgrammabilityMetricsOutput/MotifSearch/MASS/raw/cccc/cccc.xml,CCCC_Project/structural_summary[4]/module[4]/fan_out_concrete[2],fan_out_concrete,fan_out_concrete,0.0
/home/NETID/kyryllk/497finalprograms/FinalizedReadyForMetrics/ProgrammabilityMetricsOutput/MotifSearch/MASS/raw/cccc/cccc.xml,CCCC_Project/structural_summary[4]/module[4]/fan_out_visible[1],fan_out_visible,fan_out_visible,0.0
/home/NETID/kyryllk/497finalprograms/FinalizedReadyForMetrics/ProgrammabilityMetricsOutput/MotifSearch/MASS/raw/cccc/cccc.xml,CCCC_Project/structural_summary[4]/module[3]/IF4[9],if4,IF4,0.0
/home/NETID/kyryllk/497finalprograms/FinalizedReadyForMetrics/ProgrammabilityMetricsOutput/MotifSearch/MASS/raw/cccc/cccc.xml,CCCC_Project/structural_summary[4]/module[3]/IF4_concrete[8],if4_concrete,IF4_concrete,0.0
/home/NETID/kyryllk/497finalprograms/FinalizedReadyForMetrics/ProgrammabilityMetricsOutput/MotifSearch/MASS/raw/cccc/cccc.xml,CCCC_Project/structural_summary[4]/module[3]/IF4_visible[7],if4_visible,IF4_visible,0.0
/home/NETID/kyryllk/497finalprograms/FinalizedReadyForMetrics/ProgrammabilityMetricsOutput/MotifSearch/MASS/raw/cccc/cccc.xml,CCCC_Project/structural_summary[4]/module[3]/fan_in[6],fan_in,fan_in,0.0
/home/NETID/kyryllk/497finalprograms/FinalizedReadyForMetrics/ProgrammabilityMetricsOutput/MotifSearch/MASS/raw/cccc/cccc.xml,CCCC_Project/structural_summary[4]/module[3]/fan_in_concrete[5],fan_in_concrete,fan_in_concrete,0.0
/home/NETID/kyryllk/497finalprograms/FinalizedReadyForMetrics/ProgrammabilityMetricsOutput/MotifSearch/MASS/raw/cccc/cccc.xml,CCCC_Project/structural_summary[4]/module[3]/fan_in_visible[4],fan_in_visible,fan_in_visible,0.0
/home/NETID/kyryllk/497finalprograms/FinalizedReadyForMetrics/ProgrammabilityMetricsOutput/MotifSearch/MASS/raw/cccc/cccc.xml,CCCC_Project/structural_summary[4]/module[3]/fan_out[3],fan_out,fan_out,0.0
/home/NETID/kyryllk/497finalprograms/FinalizedReadyForMetrics/ProgrammabilityMetricsOutput/MotifSearch/MASS/raw/cccc/cccc.xml,CCCC_Project/structural_summary[4]/module[3]/fan_out_concrete[2],fan_out_concrete,fan_out_concrete,0.0
/home/NETID/kyryllk/497finalprograms/FinalizedReadyForMetrics/ProgrammabilityMetricsOutput/MotifSearch/MASS/raw/cccc/cccc.xml,CCCC_Project/structural_summary[4]/module[3]/fan_out_visible[1],fan_out_visible,fan_out_visible,0.0
/home/NETID/kyryllk/497finalprograms/FinalizedReadyForMetrics/ProgrammabilityMetricsOutput/MotifSearch/MASS/raw/cccc/cccc.xml,CCCC_Project/structural_summary[4]/module[2]/IF4[9],if4,IF4,0.0
/home/NETID/kyryllk/497finalprograms/FinalizedReadyForMetrics/ProgrammabilityMetricsOutput/MotifSearch/MASS/raw/cccc/cccc.xml,CCCC_Project/structural_summary[4]/module[2]/IF4_concrete[8],if4_concrete,IF4_concrete,0.0
/home/NETID/kyryllk/497finalprograms/FinalizedReadyForMetrics/ProgrammabilityMetricsOutput/MotifSearch/MASS/raw/cccc/cccc.xml,CCCC_Project/structural_summary[4]/module[2]/IF4_visible[7],if4_visible,IF4_visible,0.0
/home/NETID/kyryllk/497finalprograms/FinalizedReadyForMetrics/ProgrammabilityMetricsOutput/MotifSearch/MASS/raw/cccc/cccc.xml,CCCC_Project/structural_summary[4]/module[2]/fan_in[6],fan_in,fan_in,0.0
/home/NETID/kyryllk/497finalprograms/FinalizedReadyForMetrics/ProgrammabilityMetricsOutput/MotifSearch/MASS/raw/cccc/cccc.xml,CCCC_Project/structural_summary[4]/module[2]/fan_in_concrete[5],fan_in_concrete,fan_in_concrete,0.0
/home/NETID/kyryllk/497finalprograms/FinalizedReadyForMetrics/ProgrammabilityMetricsOutput/MotifSearch/MASS/raw/cccc/cccc.xml,CCCC_Project/structural_summary[4]/module[2]/fan_in_visible[4],fan_in_visible,fan_in_visible,0.0
/home/NETID/kyryllk/497finalprograms/FinalizedReadyForMetrics/ProgrammabilityMetricsOutput/MotifSearch/MASS/raw/cccc/cccc.xml,CCCC_Project/structural_summary[4]/module[2]/fan_out[3],fan_out,fan_out,0.0
/home/NETID/kyryllk/497finalprograms/FinalizedReadyForMetrics/ProgrammabilityMetricsOutput/MotifSearch/MASS/raw/cccc/cccc.xml,CCCC_Project/structural_summary[4]/module[2]/fan_out_concrete[2],fan_out_concrete,fan_out_concrete,0.0
/home/NETID/kyryllk/497finalprograms/FinalizedReadyForMetrics/ProgrammabilityMetricsOutput/MotifSearch/MASS/raw/cccc/cccc.xml,CCCC_Project/structural_summary[4]/module[2]/fan_out_visible[1],fan_out_visible,fan_out_visible,0.0
/home/NETID/kyryllk/497finalprograms/FinalizedReadyForMetrics/ProgrammabilityMetricsOutput/MotifSearch/MASS/raw/cccc/cccc.xml,CCCC_Project/structural_summary[4]/module[1]/IF4[9],if4,IF4,0.0
/home/NETID/kyryllk/497finalprograms/FinalizedReadyForMetrics/ProgrammabilityMetricsOutput/MotifSearch/MASS/raw/cccc/cccc.xml,CCCC_Project/structural_summary[4]/module[1]/IF4_concrete[8],if4_concrete,IF4_concrete,0.0
/home/NETID/kyryllk/497finalprograms/FinalizedReadyForMetrics/ProgrammabilityMetricsOutput/MotifSearch/MASS/raw/cccc/cccc.xml,CCCC_Project/structural_summary[4]/module[1]/IF4_visible[7],if4_visible,IF4_visible,0.0
/home/NETID/kyryllk/497finalprograms/FinalizedReadyForMetrics/ProgrammabilityMetricsOutput/MotifSearch/MASS/raw/cccc/cccc.xml,CCCC_Project/structural_summary[4]/module[1]/fan_in[6],fan_in,fan_in,0.0
/home/NETID/kyryllk/497finalprograms/FinalizedReadyForMetrics/ProgrammabilityMetricsOutput/MotifSearch/MASS/raw/cccc/cccc.xml,CCCC_Project/structural_summary[4]/module[1]/fan_in_concrete[5],fan_in_concrete,fan_in_concrete,0.0
/home/NETID/kyryllk/497finalprograms/FinalizedReadyForMetrics/ProgrammabilityMetricsOutput/MotifSearch/MASS/raw/cccc/cccc.xml,CCCC_Project/structural_summary[4]/module[1]/fan_in_visible[4],fan_in_visible,fan_in_visible,0.0
/home/NETID/kyryllk/497finalprograms/FinalizedReadyForMetrics/ProgrammabilityMetricsOutput/MotifSearch/MASS/raw/cccc/cccc.xml,CCCC_Project/structural_summary[4]/module[1]/fan_out[3],fan_out,fan_out,0.0
/home/NETID/kyryllk/497finalprograms/FinalizedReadyForMetrics/ProgrammabilityMetricsOutput/MotifSearch/MASS/raw/cccc/cccc.xml,CCCC_Project/structural_summary[4]/module[1]/fan_out_concrete[2],fan_out_concrete,fan_out_concrete,0.0
/home/NETID/kyryllk/497finalprograms/FinalizedReadyForMetrics/ProgrammabilityMetricsOutput/MotifSearch/MASS/raw/cccc/cccc.xml,CCCC_Project/structural_summary[4]/module[1]/fan_out_visible[1],fan_out_visible,fan_out_visible,0.0
/home/NETID/kyryllk/497finalprograms/FinalizedReadyForMetrics/ProgrammabilityMetricsOutput/MotifSearch/MASS/raw/cccc/cccc.xml,CCCC_Project/structural_summary[4]/module[0]/IF4[9],if4,IF4,0.0
/home/NETID/kyryllk/497finalprograms/FinalizedReadyForMetrics/ProgrammabilityMetricsOutput/MotifSearch/MASS/raw/cccc/cccc.xml,CCCC_Project/structural_summary[4]/module[0]/IF4_concrete[8],if4_concrete,IF4_concrete,0.0
/home/NETID/kyryllk/497finalprograms/FinalizedReadyForMetrics/ProgrammabilityMetricsOutput/MotifSearch/MASS/raw/cccc/cccc.xml,CCCC_Project/structural_summary[4]/module[0]/IF4_visible[7],if4_visible,IF4_visible,0.0
/home/NETID/kyryllk/497finalprograms/FinalizedReadyForMetrics/ProgrammabilityMetricsOutput/MotifSearch/MASS/raw/cccc/cccc.xml,CCCC_Project/structural_summary[4]/module[0]/fan_in[6],fan_in,fan_in,0.0
/home/NETID/kyryllk/497finalprograms/FinalizedReadyForMetrics/ProgrammabilityMetricsOutput/MotifSearch/MASS/raw/cccc/cccc.xml,CCCC_Project/structural_summary[4]/module[0]/fan_in_concrete[5],fan_in_concrete,fan_in_concrete,0.0
/home/NETID/kyryllk/497finalprograms/FinalizedReadyForMetrics/ProgrammabilityMetricsOutput/MotifSearch/MASS/raw/cccc/cccc.xml,CCCC_Project/structural_summary[4]/module[0]/fan_in_visible[4],fan_in_visible,fan_in_visible,0.0
/home/NETID/kyryllk/497finalprograms/FinalizedReadyForMetrics/ProgrammabilityMetricsOutput/MotifSearch/MASS/raw/cccc/cccc.xml,CCCC_Project/structural_summary[4]/module[0]/fan_out[3],fan_out,fan_out,3.0
/home/NETID/kyryllk/497finalprograms/FinalizedReadyForMetrics/ProgrammabilityMetricsOutput/MotifSearch/MASS/raw/cccc/cccc.xml,CCCC_Project/structural_summary[4]/module[0]/fan_out_concrete[2],fan_out_concrete,fan_out_concrete,1.0
/home/NETID/kyryllk/497finalprograms/FinalizedReadyForMetrics/ProgrammabilityMetricsOutput/MotifSearch/MASS/raw/cccc/cccc.xml,CCCC_Project/structural_summary[4]/module[0]/fan_out_visible[1],fan_out_visible,fan_out_visible,3.0
/home/NETID/kyryllk/497finalprograms/FinalizedReadyForMetrics/ProgrammabilityMetricsOutput/MotifSearch/MASS/raw/cccc/cccc.xml,CCCC_Project/oo_design[3]/module[8]/coupling_between_objects[5],coupling_between_objects,coupling_between_objects,1.0
/home/NETID/kyryllk/497finalprograms/FinalizedReadyForMetrics/ProgrammabilityMetricsOutput/MotifSearch/MASS/raw/cccc/cccc.xml,CCCC_Project/oo_design[3]/module[8]/number_of_children[4],number_of_children,number_of_children,0.0
/home/NETID/kyryllk/497finalprograms/FinalizedReadyForMetrics/ProgrammabilityMetricsOutput/MotifSearch/MASS/raw/cccc/cccc.xml,CCCC_Project/oo_design[3]/module[8]/depth_of_inheritance_tree[3],depth_of_inheritance_tree,depth_of_inheritance_tree,0.0
/home/NETID/kyryllk/497finalprograms/FinalizedReadyForMetrics/ProgrammabilityMetricsOutput/MotifSearch/MASS/raw/cccc/cccc.xml,CCCC_Project/oo_design[3]/module[8]/weighted_methods_per_class_visibility[2],weighted_methods_per_class_visibility,weighted_methods_per_class_visibility,0.0
/home/NETID/kyryllk/497finalprograms/FinalizedReadyForMetrics/ProgrammabilityMetricsOutput/MotifSearch/MASS/raw/cccc/cccc.xml,CCCC_Project/oo_design[3]/module[8]/weighted_methods_per_class_unity[1],weighted_methods_per_class_unity,weighted_methods_per_class_unity,0.0
/home/NETID/kyryllk/497finalprograms/FinalizedReadyForMetrics/ProgrammabilityMetricsOutput/MotifSearch/MASS/raw/cccc/cccc.xml,CCCC_Project/oo_design[3]/module[7]/coupling_between_objects[5],coupling_between_objects,coupling_between_objects,1.0
/home/NETID/kyryllk/497finalprograms/FinalizedReadyForMetrics/ProgrammabilityMetricsOutput/MotifSearch/MASS/raw/cccc/cccc.xml,CCCC_Project/oo_design[3]/module[7]/number_of_children[4],number_of_children,number_of_children,0.0
/home/NETID/kyryllk/497finalprograms/FinalizedReadyForMetrics/ProgrammabilityMetricsOutput/MotifSearch/MASS/raw/cccc/cccc.xml,CCCC_Project/oo_design[3]/module[7]/depth_of_inheritance_tree[3],depth_of_inheritance_tree,depth_of_inheritance_tree,0.0
/home/NETID/kyryllk/497finalprograms/FinalizedReadyForMetrics/ProgrammabilityMetricsOutput/MotifSearch/MASS/raw/cccc/cccc.xml,CCCC_Project/oo_design[3]/module[7]/weighted_methods_per_class_visibility[2],weighted_methods_per_class_visibility,weighted_methods_per_class_visibility,0.0
/home/NETID/kyryllk/497finalprograms/FinalizedReadyForMetrics/ProgrammabilityMetricsOutput/MotifSearch/MASS/raw/cccc/cccc.xml,CCCC_Project/oo_design[3]/module[7]/weighted_methods_per_class_unity[1],weighted_methods_per_class_unity,weighted_methods_per_class_unity,0.0
/home/NETID/kyryllk/497finalprograms/FinalizedReadyForMetrics/ProgrammabilityMetricsOutput/MotifSearch/MASS/raw/cccc/cccc.xml,CCCC_Project/oo_design[3]/module[6]/coupling_between_objects[5],coupling_between_objects,coupling_between_objects,0.0
/home/NETID/kyryllk/497finalprograms/FinalizedReadyForMetrics/ProgrammabilityMetricsOutput/MotifSearch/MASS/raw/cccc/cccc.xml,CCCC_Project/oo_design[3]/module[6]/number_of_children[4],number_of_children,number_of_children,0.0
/home/NETID/kyryllk/497finalprograms/FinalizedReadyForMetrics/ProgrammabilityMetricsOutput/MotifSearch/MASS/raw/cccc/cccc.xml,CCCC_Project/oo_design[3]/module[6]/depth_of_inheritance_tree[3],depth_of_inheritance_tree,depth_of_inheritance_tree,0.0
/home/NETID/kyryllk/497finalprograms/FinalizedReadyForMetrics/ProgrammabilityMetricsOutput/MotifSearch/MASS/raw/cccc/cccc.xml,CCCC_Project/oo_design[3]/module[6]/weighted_methods_per_class_visibility[2],weighted_methods_per_class_visibility,weighted_methods_per_class_visibility,0.0
/home/NETID/kyryllk/497finalprograms/FinalizedReadyForMetrics/ProgrammabilityMetricsOutput/MotifSearch/MASS/raw/cccc/cccc.xml,CCCC_Project/oo_design[3]/module[6]/weighted_methods_per_class_unity[1],weighted_methods_per_class_unity,weighted_methods_per_class_unity,0.0
/home/NETID/kyryllk/497finalprograms/FinalizedReadyForMetrics/ProgrammabilityMetricsOutput/MotifSearch/MASS/raw/cccc/cccc.xml,CCCC_Project/oo_design[3]/module[5]/coupling_between_objects[5],coupling_between_objects,coupling_between_objects,1.0
/home/NETID/kyryllk/497finalprograms/FinalizedReadyForMetrics/ProgrammabilityMetricsOutput/MotifSearch/MASS/raw/cccc/cccc.xml,CCCC_Project/oo_design[3]/module[5]/number_of_children[4],number_of_children,number_of_children,0.0
/home/NETID/kyryllk/497finalprograms/FinalizedReadyForMetrics/ProgrammabilityMetricsOutput/MotifSearch/MASS/raw/cccc/cccc.xml,CCCC_Project/oo_design[3]/module[5]/depth_of_inheritance_tree[3],depth_of_inheritance_tree,depth_of_inheritance_tree,0.0
/home/NETID/kyryllk/497finalprograms/FinalizedReadyForMetrics/ProgrammabilityMetricsOutput/MotifSearch/MASS/raw/cccc/cccc.xml,CCCC_Project/oo_design[3]/module[5]/weighted_methods_per_class_visibility[2],weighted_methods_per_class_visibility,weighted_methods_per_class_visibility,0.0
/home/NETID/kyryllk/497finalprograms/FinalizedReadyForMetrics/ProgrammabilityMetricsOutput/MotifSearch/MASS/raw/cccc/cccc.xml,CCCC_Project/oo_design[3]/module[5]/weighted_methods_per_class_unity[1],weighted_methods_per_class_unity,weighted_methods_per_class_unity,0.0
/home/NETID/kyryllk/497finalprograms/FinalizedReadyForMetrics/ProgrammabilityMetricsOutput/MotifSearch/MASS/raw/cccc/cccc.xml,CCCC_Project/oo_design[3]/module[4]/coupling_between_objects[5],coupling_between_objects,coupling_between_objects,0.0
/home/NETID/kyryllk/497finalprograms/FinalizedReadyForMetrics/ProgrammabilityMetricsOutput/MotifSearch/MASS/raw/cccc/cccc.xml,CCCC_Project/oo_design[3]/module[4]/number_of_children[4],number_of_children,number_of_children,0.0
/home/NETID/kyryllk/497finalprograms/FinalizedReadyForMetrics/ProgrammabilityMetricsOutput/MotifSearch/MASS/raw/cccc/cccc.xml,CCCC_Project/oo_design[3]/module[4]/depth_of_inheritance_tree[3],depth_of_inheritance_tree,depth_of_inheritance_tree,0.0
/home/NETID/kyryllk/497finalprograms/FinalizedReadyForMetrics/ProgrammabilityMetricsOutput/MotifSearch/MASS/raw/cccc/cccc.xml,CCCC_Project/oo_design[3]/module[4]/weighted_methods_per_class_visibility[2],weighted_methods_per_class_visibility,weighted_methods_per_class_visibility,0.0
/home/NETID/kyryllk/497finalprograms/FinalizedReadyForMetrics/ProgrammabilityMetricsOutput/MotifSearch/MASS/raw/cccc/cccc.xml,CCCC_Project/oo_design[3]/module[4]/weighted_methods_per_class_unity[1],weighted_methods_per_class_unity,weighted_methods_per_class_unity,0.0
/home/NETID/kyryllk/497finalprograms/FinalizedReadyForMetrics/ProgrammabilityMetricsOutput/MotifSearch/MASS/raw/cccc/cccc.xml,CCCC_Project/oo_design[3]/module[3]/coupling_between_objects[5],coupling_between_objects,coupling_between_objects,0.0
/home/NETID/kyryllk/497finalprograms/FinalizedReadyForMetrics/ProgrammabilityMetricsOutput/MotifSearch/MASS/raw/cccc/cccc.xml,CCCC_Project/oo_design[3]/module[3]/number_of_children[4],number_of_children,number_of_children,0.0
/home/NETID/kyryllk/497finalprograms/FinalizedReadyForMetrics/ProgrammabilityMetricsOutput/MotifSearch/MASS/raw/cccc/cccc.xml,CCCC_Project/oo_design[3]/module[3]/depth_of_inheritance_tree[3],depth_of_inheritance_tree,depth_of_inheritance_tree,0.0
/home/NETID/kyryllk/497finalprograms/FinalizedReadyForMetrics/ProgrammabilityMetricsOutput/MotifSearch/MASS/raw/cccc/cccc.xml,CCCC_Project/oo_design[3]/module[3]/weighted_methods_per_class_visibility[2],weighted_methods_per_class_visibility,weighted_methods_per_class_visibility,0.0
/home/NETID/kyryllk/497finalprograms/FinalizedReadyForMetrics/ProgrammabilityMetricsOutput/MotifSearch/MASS/raw/cccc/cccc.xml,CCCC_Project/oo_design[3]/module[3]/weighted_methods_per_class_unity[1],weighted_methods_per_class_unity,weighted_methods_per_class_unity,0.0
/home/NETID/kyryllk/497finalprograms/FinalizedReadyForMetrics/ProgrammabilityMetricsOutput/MotifSearch/MASS/raw/cccc/cccc.xml,CCCC_Project/oo_design[3]/module[2]/coupling_between_objects[5],coupling_between_objects,coupling_between_objects,0.0
/home/NETID/kyryllk/497finalprograms/FinalizedReadyForMetrics/ProgrammabilityMetricsOutput/MotifSearch/MASS/raw/cccc/cccc.xml,CCCC_Project/oo_design[3]/module[2]/number_of_children[4],number_of_children,number_of_children,0.0
/home/NETID/kyryllk/497finalprograms/FinalizedReadyForMetrics/ProgrammabilityMetricsOutput/MotifSearch/MASS/raw/cccc/cccc.xml,CCCC_Project/oo_design[3]/module[2]/depth_of_inheritance_tree[3],depth_of_inheritance_tree,depth_of_inheritance_tree,0.0
/home/NETID/kyryllk/497finalprograms/FinalizedReadyForMetrics/ProgrammabilityMetricsOutput/MotifSearch/MASS/raw/cccc/cccc.xml,CCCC_Project/oo_design[3]/module[2]/weighted_methods_per_class_visibility[2],weighted_methods_per_class_visibility,weighted_methods_per_class_visibility,0.0
/home/NETID/kyryllk/497finalprograms/FinalizedReadyForMetrics/ProgrammabilityMetricsOutput/MotifSearch/MASS/raw/cccc/cccc.xml,CCCC_Project/oo_design[3]/module[2]/weighted_methods_per_class_unity[1],weighted_methods_per_class_unity,weighted_methods_per_class_unity,0.0
/home/NETID/kyryllk/497finalprograms/FinalizedReadyForMetrics/ProgrammabilityMetricsOutput/MotifSearch/MASS/raw/cccc/cccc.xml,CCCC_Project/oo_design[3]/module[1]/coupling_between_objects[5],coupling_between_objects,coupling_between_objects,0.0
/home/NETID/kyryllk/497finalprograms/FinalizedReadyForMetrics/ProgrammabilityMetricsOutput/MotifSearch/MASS/raw/cccc/cccc.xml,CCCC_Project/oo_design[3]/module[1]/number_of_children[4],number_of_children,number_of_children,0.0
/home/NETID/kyryllk/497finalprograms/FinalizedReadyForMetrics/ProgrammabilityMetricsOutput/MotifSearch/MASS/raw/cccc/cccc.xml,CCCC_Project/oo_design[3]/module[1]/depth_of_inheritance_tree[3],depth_of_inheritance_tree,depth_of_inheritance_tree,0.0
/home/NETID/kyryllk/497finalprograms/FinalizedReadyForMetrics/ProgrammabilityMetricsOutput/MotifSearch/MASS/raw/cccc/cccc.xml,CCCC_Project/oo_design[3]/module[1]/weighted_methods_per_class_visibility[2],weighted_methods_per_class_visibility,weighted_methods_per_class_visibility,0.0
/home/NETID/kyryllk/497finalprograms/FinalizedReadyForMetrics/ProgrammabilityMetricsOutput/MotifSearch/MASS/raw/cccc/cccc.xml,CCCC_Project/oo_design[3]/module[1]/weighted_methods_per_class_unity[1],weighted_methods_per_class_unity,weighted_methods_per_class_unity,3.0
/home/NETID/kyryllk/497finalprograms/FinalizedReadyForMetrics/ProgrammabilityMetricsOutput/MotifSearch/MASS/raw/cccc/cccc.xml,CCCC_Project/oo_design[3]/module[0]/coupling_between_objects[5],coupling_between_objects,coupling_between_objects,3.0
/home/NETID/kyryllk/497finalprograms/FinalizedReadyForMetrics/ProgrammabilityMetricsOutput/MotifSearch/MASS/raw/cccc/cccc.xml,CCCC_Project/oo_design[3]/module[0]/number_of_children[4],number_of_children,number_of_children,0.0
/home/NETID/kyryllk/497finalprograms/FinalizedReadyForMetrics/ProgrammabilityMetricsOutput/MotifSearch/MASS/raw/cccc/cccc.xml,CCCC_Project/oo_design[3]/module[0]/depth_of_inheritance_tree[3],depth_of_inheritance_tree,depth_of_inheritance_tree,0.0
/home/NETID/kyryllk/497finalprograms/FinalizedReadyForMetrics/ProgrammabilityMetricsOutput/MotifSearch/MASS/raw/cccc/cccc.xml,CCCC_Project/oo_design[3]/module[0]/weighted_methods_per_class_visibility[2],weighted_methods_per_class_visibility,weighted_methods_per_class_visibility,4.0
/home/NETID/kyryllk/497finalprograms/FinalizedReadyForMetrics/ProgrammabilityMetricsOutput/MotifSearch/MASS/raw/cccc/cccc.xml,CCCC_Project/oo_design[3]/module[0]/weighted_methods_per_class_unity[1],weighted_methods_per_class_unity,weighted_methods_per_class_unity,10.0
/home/NETID/kyryllk/497finalprograms/FinalizedReadyForMetrics/ProgrammabilityMetricsOutput/MotifSearch/MASS/raw/cccc/cccc.xml,CCCC_Project/procedural_summary[2]/module[8]/lines_of_comment[3],lines_of_comment,lines_of_comment,0.0
/home/NETID/kyryllk/497finalprograms/FinalizedReadyForMetrics/ProgrammabilityMetricsOutput/MotifSearch/MASS/raw/cccc/cccc.xml,CCCC_Project/procedural_summary[2]/module[8]/McCabes_cyclomatic_complexity[2],mccabes_cyclomatic_complexity,McCabes_cyclomatic_complexity,0.0
/home/NETID/kyryllk/497finalprograms/FinalizedReadyForMetrics/ProgrammabilityMetricsOutput/MotifSearch/MASS/raw/cccc/cccc.xml,CCCC_Project/procedural_summary[2]/module[8]/lines_of_code[1],lines_of_code,lines_of_code,0.0
/home/NETID/kyryllk/497finalprograms/FinalizedReadyForMetrics/ProgrammabilityMetricsOutput/MotifSearch/MASS/raw/cccc/cccc.xml,CCCC_Project/procedural_summary[2]/module[7]/lines_of_comment[3],lines_of_comment,lines_of_comment,0.0
/home/NETID/kyryllk/497finalprograms/FinalizedReadyForMetrics/ProgrammabilityMetricsOutput/MotifSearch/MASS/raw/cccc/cccc.xml,CCCC_Project/procedural_summary[2]/module[7]/McCabes_cyclomatic_complexity[2],mccabes_cyclomatic_complexity,McCabes_cyclomatic_complexity,0.0
/home/NETID/kyryllk/497finalprograms/FinalizedReadyForMetrics/ProgrammabilityMetricsOutput/MotifSearch/MASS/raw/cccc/cccc.xml,CCCC_Project/procedural_summary[2]/module[7]/lines_of_code[1],lines_of_code,lines_of_code,0.0
/home/NETID/kyryllk/497finalprograms/FinalizedReadyForMetrics/ProgrammabilityMetricsOutput/MotifSearch/MASS/raw/cccc/cccc.xml,CCCC_Project/procedural_summary[2]/module[6]/lines_of_comment[3],lines_of_comment,lines_of_comment,0.0
/home/NETID/kyryllk/497finalprograms/FinalizedReadyForMetrics/ProgrammabilityMetricsOutput/MotifSearch/MASS/raw/cccc/cccc.xml,CCCC_Project/procedural_summary[2]/module[6]/McCabes_cyclomatic_complexity[2],mccabes_cyclomatic_complexity,McCabes_cyclomatic_complexity,0.0
/home/NETID/kyryllk/497finalprograms/FinalizedReadyForMetrics/ProgrammabilityMetricsOutput/MotifSearch/MASS/raw/cccc/cccc.xml,CCCC_Project/procedural_summary[2]/module[6]/lines_of_code[1],lines_of_code,lines_of_code,0.0
/home/NETID/kyryllk/497finalprograms/FinalizedReadyForMetrics/ProgrammabilityMetricsOutput/MotifSearch/MASS/raw/cccc/cccc.xml,CCCC_Project/procedural_summary[2]/module[5]/lines_of_comment[3],lines_of_comment,lines_of_comment,0.0
/home/NETID/kyryllk/497finalprograms/FinalizedReadyForMetrics/ProgrammabilityMetricsOutput/MotifSearch/MASS/raw/cccc/cccc.xml,CCCC_Project/procedural_summary[2]/module[5]/McCabes_cyclomatic_complexity[2],mccabes_cyclomatic_complexity,McCabes_cyclomatic_complexity,0.0
/home/NETID/kyryllk/497finalprograms/FinalizedReadyForMetrics/ProgrammabilityMetricsOutput/MotifSearch/MASS/raw/cccc/cccc.xml,CCCC_Project/procedural_summary[2]/module[5]/lines_of_code[1],lines_of_code,lines_of_code,0.0
/home/NETID/kyryllk/497finalprograms/FinalizedReadyForMetrics/ProgrammabilityMetricsOutput/MotifSearch/MASS/raw/cccc/cccc.xml,CCCC_Project/procedural_summary[2]/module[4]/lines_of_comment[3],lines_of_comment,lines_of_comment,0.0
/home/NETID/kyryllk/497finalprograms/FinalizedReadyForMetrics/ProgrammabilityMetricsOutput/MotifSearch/MASS/raw/cccc/cccc.xml,CCCC_Project/procedural_summary[2]/module[4]/McCabes_cyclomatic_complexity[2],mccabes_cyclomatic_complexity,McCabes_cyclomatic_complexity,0.0
/home/NETID/kyryllk/497finalprograms/FinalizedReadyForMetrics/ProgrammabilityMetricsOutput/MotifSearch/MASS/raw/cccc/cccc.xml,CCCC_Project/procedural_summary[2]/module[4]/lines_of_code[1],lines_of_code,lines_of_code,0.0
/home/NETID/kyryllk/497finalprograms/FinalizedReadyForMetrics/ProgrammabilityMetricsOutput/MotifSearch/MASS/raw/cccc/cccc.xml,CCCC_Project/procedural_summary[2]/module[3]/lines_of_comment[3],lines_of_comment,lines_of_comment,0.0
/home/NETID/kyryllk/497finalprograms/FinalizedReadyForMetrics/ProgrammabilityMetricsOutput/MotifSearch/MASS/raw/cccc/cccc.xml,CCCC_Project/procedural_summary[2]/module[3]/McCabes_cyclomatic_complexity[2],mccabes_cyclomatic_complexity,McCabes_cyclomatic_complexity,0.0
/home/NETID/kyryllk/497finalprograms/FinalizedReadyForMetrics/ProgrammabilityMetricsOutput/MotifSearch/MASS/raw/cccc/cccc.xml,CCCC_Project/procedural_summary[2]/module[3]/lines_of_code[1],lines_of_code,lines_of_code,0.0
/home/NETID/kyryllk/497finalprograms/FinalizedReadyForMetrics/ProgrammabilityMetricsOutput/MotifSearch/MASS/raw/cccc/cccc.xml,CCCC_Project/procedural_summary[2]/module[2]/lines_of_comment[3],lines_of_comment,lines_of_comment,0.0
/home/NETID/kyryllk/497finalprograms/FinalizedReadyForMetrics/ProgrammabilityMetricsOutput/MotifSearch/MASS/raw/cccc/cccc.xml,CCCC_Project/procedural_summary[2]/module[2]/McCabes_cyclomatic_complexity[2],mccabes_cyclomatic_complexity,McCabes_cyclomatic_complexity,0.0
/home/NETID/kyryllk/497finalprograms/FinalizedReadyForMetrics/ProgrammabilityMetricsOutput/MotifSearch/MASS/raw/cccc/cccc.xml,CCCC_Project/procedural_summary[2]/module[2]/lines_of_code[1],lines_of_code,lines_of_code,0.0
/home/NETID/kyryllk/497finalprograms/FinalizedReadyForMetrics/ProgrammabilityMetricsOutput/MotifSearch/MASS/raw/cccc/cccc.xml,CCCC_Project/procedural_summary[2]/module[1]/McCabes_cyclomatic_complexity_per_line_of_comment[5],mccabes_cyclomatic_complexity_per_line_of_comment,McCabes_cyclomatic_complexity_per_line_of_comment,0.833
/home/NETID/kyryllk/497finalprograms/FinalizedReadyForMetrics/ProgrammabilityMetricsOutput/MotifSearch/MASS/raw/cccc/cccc.xml,CCCC_Project/procedural_summary[2]/module[1]/lines_of_code_per_line_of_comment[4],lines_of_code_per_line_of_comment,lines_of_code_per_line_of_comment,9.667
/home/NETID/kyryllk/497finalprograms/FinalizedReadyForMetrics/ProgrammabilityMetricsOutput/MotifSearch/MASS/raw/cccc/cccc.xml,CCCC_Project/procedural_summary[2]/module[1]/lines_of_comment[3],lines_of_comment,lines_of_comment,6.0
/home/NETID/kyryllk/497finalprograms/FinalizedReadyForMetrics/ProgrammabilityMetricsOutput/MotifSearch/MASS/raw/cccc/cccc.xml,CCCC_Project/procedural_summary[2]/module[1]/McCabes_cyclomatic_complexity[2],mccabes_cyclomatic_complexity,McCabes_cyclomatic_complexity,5.0
/home/NETID/kyryllk/497finalprograms/FinalizedReadyForMetrics/ProgrammabilityMetricsOutput/MotifSearch/MASS/raw/cccc/cccc.xml,CCCC_Project/procedural_summary[2]/module[1]/lines_of_code[1],lines_of_code,lines_of_code,58.0
/home/NETID/kyryllk/497finalprograms/FinalizedReadyForMetrics/ProgrammabilityMetricsOutput/MotifSearch/MASS/raw/cccc/cccc.xml,CCCC_Project/procedural_summary[2]/module[0]/McCabes_cyclomatic_complexity_per_line_of_comment[5],mccabes_cyclomatic_complexity_per_line_of_comment,McCabes_cyclomatic_complexity_per_line_of_comment,0.889
/home/NETID/kyryllk/497finalprograms/FinalizedReadyForMetrics/ProgrammabilityMetricsOutput/MotifSearch/MASS/raw/cccc/cccc.xml,CCCC_Project/procedural_summary[2]/module[0]/lines_of_code_per_line_of_comment[4],lines_of_code_per_line_of_comment,lines_of_code_per_line_of_comment,11.569
/home/NETID/kyryllk/497finalprograms/FinalizedReadyForMetrics/ProgrammabilityMetricsOutput/MotifSearch/MASS/raw/cccc/cccc.xml,CCCC_Project/procedural_summary[2]/module[0]/lines_of_comment[3],lines_of_comment,lines_of_comment,72.0
/home/NETID/kyryllk/497finalprograms/FinalizedReadyForMetrics/ProgrammabilityMetricsOutput/MotifSearch/MASS/raw/cccc/cccc.xml,CCCC_Project/procedural_summary[2]/module[0]/McCabes_cyclomatic_complexity[2],mccabes_cyclomatic_complexity,McCabes_cyclomatic_complexity,64.0
/home/NETID/kyryllk/497finalprograms/FinalizedReadyForMetrics/ProgrammabilityMetricsOutput/MotifSearch/MASS/raw/cccc/cccc.xml,CCCC_Project/procedural_summary[2]/module[0]/lines_of_code[1],lines_of_code,lines_of_code,833.0
/home/NETID/kyryllk/497finalprograms/FinalizedReadyForMetrics/ProgrammabilityMetricsOutput/MotifSearch/MASS/raw/cccc/cccc.xml,CCCC_Project/project_summary[1]/rejected_lines_of_code[15],rejected_lines_of_code,rejected_lines_of_code,5.0
/home/NETID/kyryllk/497finalprograms/FinalizedReadyForMetrics/ProgrammabilityMetricsOutput/MotifSearch/MASS/raw/cccc/cccc.xml,CCCC_Project/project_summary[1]/IF4_concrete[14],if4_concrete,IF4_concrete,0.0
/home/NETID/kyryllk/497finalprograms/FinalizedReadyForMetrics/ProgrammabilityMetricsOutput/MotifSearch/MASS/raw/cccc/cccc.xml,CCCC_Project/project_summary[1]/IF4_concrete[13],if4_concrete,IF4_concrete,0.0
/home/NETID/kyryllk/497finalprograms/FinalizedReadyForMetrics/ProgrammabilityMetricsOutput/MotifSearch/MASS/raw/cccc/cccc.xml,CCCC_Project/project_summary[1]/IF4_visible_per_module[12],if4_visible_per_module,IF4_visible_per_module,0.0
/home/NETID/kyryllk/497finalprograms/FinalizedReadyForMetrics/ProgrammabilityMetricsOutput/MotifSearch/MASS/raw/cccc/cccc.xml,CCCC_Project/project_summary[1]/IF4_visible[11],if4_visible,IF4_visible,0.0
/home/NETID/kyryllk/497finalprograms/FinalizedReadyForMetrics/ProgrammabilityMetricsOutput/MotifSearch/MASS/raw/cccc/cccc.xml,CCCC_Project/project_summary[1]/IF4_per_module[10],if4_per_module,IF4_per_module,0.0
/home/NETID/kyryllk/497finalprograms/FinalizedReadyForMetrics/ProgrammabilityMetricsOutput/MotifSearch/MASS/raw/cccc/cccc.xml,CCCC_Project/project_summary[1]/IF4[9],if4,IF4,0.0
/home/NETID/kyryllk/497finalprograms/FinalizedReadyForMetrics/ProgrammabilityMetricsOutput/MotifSearch/MASS/raw/cccc/cccc.xml,CCCC_Project/project_summary[1]/McCabes_cyclomatic_complexity_per_line_of_comment[8],mccabes_cyclomatic_complexity_per_line_of_comment,McCabes_cyclomatic_complexity_per_line_of_comment,0.84
/home/NETID/kyryllk/497finalprograms/FinalizedReadyForMetrics/ProgrammabilityMetricsOutput/MotifSearch/MASS/raw/cccc/cccc.xml,CCCC_Project/project_summary[1]/lines_of_code_per_line_of_comment[7],lines_of_code_per_line_of_comment,lines_of_code_per_line_of_comment,9.748
/home/NETID/kyryllk/497finalprograms/FinalizedReadyForMetrics/ProgrammabilityMetricsOutput/MotifSearch/MASS/raw/cccc/cccc.xml,CCCC_Project/project_summary[1]/lines_of_comment_per_module[6],lines_of_comment_per_module,lines_of_comment_per_module,13.222
/home/NETID/kyryllk/497finalprograms/FinalizedReadyForMetrics/ProgrammabilityMetricsOutput/MotifSearch/MASS/raw/cccc/cccc.xml,CCCC_Project/project_summary[1]/lines_of_comment[5],lines_of_comment,lines_of_comment,119.0
/home/NETID/kyryllk/497finalprograms/FinalizedReadyForMetrics/ProgrammabilityMetricsOutput/MotifSearch/MASS/raw/cccc/cccc.xml,CCCC_Project/project_summary[1]/McCabes_cyclomatic_complexity_per_module[4],mccabes_cyclomatic_complexity_per_module,McCabes_cyclomatic_complexity_per_module,11.111
/home/NETID/kyryllk/497finalprograms/FinalizedReadyForMetrics/ProgrammabilityMetricsOutput/MotifSearch/MASS/raw/cccc/cccc.xml,CCCC_Project/project_summary[1]/McCabes_cyclomatic_complexity[3],mccabes_cyclomatic_complexity,McCabes_cyclomatic_complexity,100.0
/home/NETID/kyryllk/497finalprograms/FinalizedReadyForMetrics/ProgrammabilityMetricsOutput/MotifSearch/MASS/raw/cccc/cccc.xml,CCCC_Project/project_summary[1]/lines_of_code_per_module[2],lines_of_code_per_module,lines_of_code_per_module,128.889
/home/NETID/kyryllk/497finalprograms/FinalizedReadyForMetrics/ProgrammabilityMetricsOutput/MotifSearch/MASS/raw/cccc/cccc.xml,CCCC_Project/project_summary[1]/lines_of_code[1],lines_of_code,lines_of_code,1160.0
/home/NETID/kyryllk/497finalprograms/FinalizedReadyForMetrics/ProgrammabilityMetricsOutput/MotifSearch/MASS/raw/cccc/cccc.xml,CCCC_Project/project_summary[1]/number_of_modules[0],number_of_modules,number_of_modules,9.0
/home/NETID/kyryllk/497finalprograms/FinalizedReadyForMetrics/ProgrammabilityMetricsOutput/MotifSearch/MASS/raw/cccc/int64_t.xml,CCCC_Project/module_summary[0]/IF4_concrete[17],if4_concrete,IF4_concrete,0.0
/home/NETID/kyryllk/497finalprograms/FinalizedReadyForMetrics/ProgrammabilityMetricsOutput/MotifSearch/MASS/raw/cccc/int64_t.xml,CCCC_Project/module_summary[0]/IF4_visible[15],if4_visible,IF4_visible,0.0
/home/NETID/kyryllk/497finalprograms/FinalizedReadyForMetrics/ProgrammabilityMetricsOutput/MotifSearch/MASS/raw/cccc/int64_t.xml,CCCC_Project/module_summary[0]/IF4[13],if4,IF4,0.0
/home/NETID/kyryllk/497finalprograms/FinalizedReadyForMetrics/ProgrammabilityMetricsOutput/MotifSearch/MASS/raw/cccc/int64_t.xml,CCCC_Project/module_summary[0]/coupling_between_objects[12],coupling_between_objects,coupling_between_objects,0.0
/home/NETID/kyryllk/497finalprograms/FinalizedReadyForMetrics/ProgrammabilityMetricsOutput/MotifSearch/MASS/raw/cccc/int64_t.xml,CCCC_Project/module_summary[0]/number_of_children[11],number_of_children,number_of_children,0.0
/home/NETID/kyryllk/497finalprograms/FinalizedReadyForMetrics/ProgrammabilityMetricsOutput/MotifSearch/MASS/raw/cccc/int64_t.xml,CCCC_Project/module_summary[0]/depth_of_inheritance_tree[10],depth_of_inheritance_tree,depth_of_inheritance_tree,0.0
/home/NETID/kyryllk/497finalprograms/FinalizedReadyForMetrics/ProgrammabilityMetricsOutput/MotifSearch/MASS/raw/cccc/int64_t.xml,CCCC_Project/module_summary[0]/weighted_methods_per_class_visibility[9],weighted_methods_per_class_visibility,weighted_methods_per_class_visibility,0.0
/home/NETID/kyryllk/497finalprograms/FinalizedReadyForMetrics/ProgrammabilityMetricsOutput/MotifSearch/MASS/raw/cccc/int64_t.xml,CCCC_Project/module_summary[0]/weighted_methods_per_class_unity[8],weighted_methods_per_class_unity,weighted_methods_per_class_unity,0.0
/home/NETID/kyryllk/497finalprograms/FinalizedReadyForMetrics/ProgrammabilityMetricsOutput/MotifSearch/MASS/raw/cccc/int64_t.xml,CCCC_Project/module_summary[0]/lines_of_code[4],lines_of_code,lines_of_code,0.0
/home/NETID/kyryllk/497finalprograms/FinalizedReadyForMetrics/ProgrammabilityMetricsOutput/MotifSearch/MASS/raw/cccc/int64_t.xml,CCCC_Project/module_summary[0]/McCabes_cyclomatic_complexity[2],mccabes_cyclomatic_complexity,McCabes_cyclomatic_complexity,0.0
/home/NETID/kyryllk/497finalprograms/FinalizedReadyForMetrics/ProgrammabilityMetricsOutput/MotifSearch/MASS/raw/cccc/int64_t.xml,CCCC_Project/module_summary[0]/lines_of_code[0],lines_of_code,lines_of_code,0.0
/home/NETID/kyryllk/497finalprograms/FinalizedReadyForMetrics/ProgrammabilityMetricsOutput/MotifSearch/MASS/raw/cccc/int8_t.xml,CCCC_Project/module_summary[0]/IF4_concrete[17],if4_concrete,IF4_concrete,0.0
/home/NETID/kyryllk/497finalprograms/FinalizedReadyForMetrics/ProgrammabilityMetricsOutput/MotifSearch/MASS/raw/cccc/int8_t.xml,CCCC_Project/module_summary[0]/IF4_visible[15],if4_visible,IF4_visible,0.0
/home/NETID/kyryllk/497finalprograms/FinalizedReadyForMetrics/ProgrammabilityMetricsOutput/MotifSearch/MASS/raw/cccc/int8_t.xml,CCCC_Project/module_summary[0]/IF4[13],if4,IF4,0.0
/home/NETID/kyryllk/497finalprograms/FinalizedReadyForMetrics/ProgrammabilityMetricsOutput/MotifSearch/MASS/raw/cccc/int8_t.xml,CCCC_Project/module_summary[0]/coupling_between_objects[12],coupling_between_objects,coupling_between_objects,0.0
/home/NETID/kyryllk/497finalprograms/FinalizedReadyForMetrics/ProgrammabilityMetricsOutput/MotifSearch/MASS/raw/cccc/int8_t.xml,CCCC_Project/module_summary[0]/number_of_children[11],number_of_children,number_of_children,0.0
/home/NETID/kyryllk/497finalprograms/FinalizedReadyForMetrics/ProgrammabilityMetricsOutput/MotifSearch/MASS/raw/cccc/int8_t.xml,CCCC_Project/module_summary[0]/depth_of_inheritance_tree[10],depth_of_inheritance_tree,depth_of_inheritance_tree,0.0
/home/NETID/kyryllk/497finalprograms/FinalizedReadyForMetrics/ProgrammabilityMetricsOutput/MotifSearch/MASS/raw/cccc/int8_t.xml,CCCC_Project/module_summary[0]/weighted_methods_per_class_visibility[9],weighted_methods_per_class_visibility,weighted_methods_per_class_visibility,0.0
/home/NETID/kyryllk/497finalprograms/FinalizedReadyForMetrics/ProgrammabilityMetricsOutput/MotifSearch/MASS/raw/cccc/int8_t.xml,CCCC_Project/module_summary[0]/weighted_methods_per_class_unity[8],weighted_methods_per_class_unity,weighted_methods_per_class_unity,0.0
/home/NETID/kyryllk/497finalprograms/FinalizedReadyForMetrics/ProgrammabilityMetricsOutput/MotifSearch/MASS/raw/cccc/int8_t.xml,CCCC_Project/module_summary[0]/lines_of_code[4],lines_of_code,lines_of_code,0.0
/home/NETID/kyryllk/497finalprograms/FinalizedReadyForMetrics/ProgrammabilityMetricsOutput/MotifSearch/MASS/raw/cccc/int8_t.xml,CCCC_Project/module_summary[0]/McCabes_cyclomatic_complexity[2],mccabes_cyclomatic_complexity,McCabes_cyclomatic_complexity,0.0
/home/NETID/kyryllk/497finalprograms/FinalizedReadyForMetrics/ProgrammabilityMetricsOutput/MotifSearch/MASS/raw/cccc/int8_t.xml,CCCC_Project/module_summary[0]/lines_of_code[0],lines_of_code,lines_of_code,0.0
/home/NETID/kyryllk/497finalprograms/FinalizedReadyForMetrics/ProgrammabilityMetricsOutput/MotifSearch/MASS/raw/cccc/string.xml,CCCC_Project/module_summary[0]/IF4_concrete[17],if4_concrete,IF4_concrete,0.0
/home/NETID/kyryllk/497finalprograms/FinalizedReadyForMetrics/ProgrammabilityMetricsOutput/MotifSearch/MASS/raw/cccc/string.xml,CCCC_Project/module_summary[0]/IF4_visible[15],if4_visible,IF4_visible,0.0
/home/NETID/kyryllk/497finalprograms/FinalizedReadyForMetrics/ProgrammabilityMetricsOutput/MotifSearch/MASS/raw/cccc/string.xml,CCCC_Project/module_summary[0]/IF4[13],if4,IF4,0.0
/home/NETID/kyryllk/497finalprograms/FinalizedReadyForMetrics/ProgrammabilityMetricsOutput/MotifSearch/MASS/raw/cccc/string.xml,CCCC_Project/module_summary[0]/coupling_between_objects[12],coupling_between_objects,coupling_between_objects,1.0
/home/NETID/kyryllk/497finalprograms/FinalizedReadyForMetrics/ProgrammabilityMetricsOutput/MotifSearch/MASS/raw/cccc/string.xml,CCCC_Project/module_summary[0]/number_of_children[11],number_of_children,number_of_children,0.0
/home/NETID/kyryllk/497finalprograms/FinalizedReadyForMetrics/ProgrammabilityMetricsOutput/MotifSearch/MASS/raw/cccc/string.xml,CCCC_Project/module_summary[0]/depth_of_inheritance_tree[10],depth_of_inheritance_tree,depth_of_inheritance_tree,0.0
/home/NETID/kyryllk/497finalprograms/FinalizedReadyForMetrics/ProgrammabilityMetricsOutput/MotifSearch/MASS/raw/cccc/string.xml,CCCC_Project/module_summary[0]/weighted_methods_per_class_visibility[9],weighted_methods_per_class_visibility,weighted_methods_per_class_visibility,0.0
/home/NETID/kyryllk/497finalprograms/FinalizedReadyForMetrics/ProgrammabilityMetricsOutput/MotifSearch/MASS/raw/cccc/string.xml,CCCC_Project/module_summary[0]/weighted_methods_per_class_unity[8],weighted_methods_per_class_unity,weighted_methods_per_class_unity,0.0
/home/NETID/kyryllk/497finalprograms/FinalizedReadyForMetrics/ProgrammabilityMetricsOutput/MotifSearch/MASS/raw/cccc/string.xml,CCCC_Project/module_summary[0]/lines_of_code[4],lines_of_code,lines_of_code,0.0
/home/NETID/kyryllk/497finalprograms/FinalizedReadyForMetrics/ProgrammabilityMetricsOutput/MotifSearch/MASS/raw/cccc/string.xml,CCCC_Project/module_summary[0]/McCabes_cyclomatic_complexity[2],mccabes_cyclomatic_complexity,McCabes_cyclomatic_complexity,0.0
/home/NETID/kyryllk/497finalprograms/FinalizedReadyForMetrics/ProgrammabilityMetricsOutput/MotifSearch/MASS/raw/cccc/string.xml,CCCC_Project/module_summary[0]/lines_of_code[0],lines_of_code,lines_of_code,0.0
/home/NETID/kyryllk/497finalprograms/FinalizedReadyForMetrics/ProgrammabilityMetricsOutput/MotifSearch/MASS/raw/cccc/uint64_t.xml,CCCC_Project/module_summary[0]/IF4_concrete[17],if4_concrete,IF4_concrete,0.0
/home/NETID/kyryllk/497finalprograms/FinalizedReadyForMetrics/ProgrammabilityMetricsOutput/MotifSearch/MASS/raw/cccc/uint64_t.xml,CCCC_Project/module_summary[0]/IF4_visible[15],if4_visible,IF4_visible,0.0
/home/NETID/kyryllk/497finalprograms/FinalizedReadyForMetrics/ProgrammabilityMetricsOutput/MotifSearch/MASS/raw/cccc/uint64_t.xml,CCCC_Project/module_summary[0]/IF4[13],if4,IF4,0.0
/home/NETID/kyryllk/497finalprograms/FinalizedReadyForMetrics/ProgrammabilityMetricsOutput/MotifSearch/MASS/raw/cccc/uint64_t.xml,CCCC_Project/module_summary[0]/coupling_between_objects[12],coupling_between_objects,coupling_between_objects,0.0
/home/NETID/kyryllk/497finalprograms/FinalizedReadyForMetrics/ProgrammabilityMetricsOutput/MotifSearch/MASS/raw/cccc/uint64_t.xml,CCCC_Project/module_summary[0]/number_of_children[11],number_of_children,number_of_children,0.0
/home/NETID/kyryllk/497finalprograms/FinalizedReadyForMetrics/ProgrammabilityMetricsOutput/MotifSearch/MASS/raw/cccc/uint64_t.xml,CCCC_Project/module_summary[0]/depth_of_inheritance_tree[10],depth_of_inheritance_tree,depth_of_inheritance_tree,0.0
/home/NETID/kyryllk/497finalprograms/FinalizedReadyForMetrics/ProgrammabilityMetricsOutput/MotifSearch/MASS/raw/cccc/uint64_t.xml,CCCC_Project/module_summary[0]/weighted_methods_per_class_visibility[9],weighted_methods_per_class_visibility,weighted_methods_per_class_visibility,0.0
/home/NETID/kyryllk/497finalprograms/FinalizedReadyForMetrics/ProgrammabilityMetricsOutput/MotifSearch/MASS/raw/cccc/uint64_t.xml,CCCC_Project/module_summary[0]/weighted_methods_per_class_unity[8],weighted_methods_per_class_unity,weighted_methods_per_class_unity,0.0
/home/NETID/kyryllk/497finalprograms/FinalizedReadyForMetrics/ProgrammabilityMetricsOutput/MotifSearch/MASS/raw/cccc/uint64_t.xml,CCCC_Project/module_summary[0]/lines_of_code[4],lines_of_code,lines_of_code,0.0
/home/NETID/kyryllk/497finalprograms/FinalizedReadyForMetrics/ProgrammabilityMetricsOutput/MotifSearch/MASS/raw/cccc/uint64_t.xml,CCCC_Project/module_summary[0]/McCabes_cyclomatic_complexity[2],mccabes_cyclomatic_complexity,McCabes_cyclomatic_complexity,0.0
/home/NETID/kyryllk/497finalprograms/FinalizedReadyForMetrics/ProgrammabilityMetricsOutput/MotifSearch/MASS/raw/cccc/uint64_t.xml,CCCC_Project/module_summary[0]/lines_of_code[0],lines_of_code,lines_of_code,0.0
/home/NETID/kyryllk/497finalprograms/FinalizedReadyForMetrics/ProgrammabilityMetricsOutput/MotifSearch/MASS/raw/cccc/unsigned.xml,CCCC_Project/module_summary[0]/IF4_concrete[17],if4_concrete,IF4_concrete,0.0
/home/NETID/kyryllk/497finalprograms/FinalizedReadyForMetrics/ProgrammabilityMetricsOutput/MotifSearch/MASS/raw/cccc/unsigned.xml,CCCC_Project/module_summary[0]/IF4_visible[15],if4_visible,IF4_visible,0.0
/home/NETID/kyryllk/497finalprograms/FinalizedReadyForMetrics/ProgrammabilityMetricsOutput/MotifSearch/MASS/raw/cccc/unsigned.xml,CCCC_Project/module_summary[0]/IF4[13],if4,IF4,0.0
/home/NETID/kyryllk/497finalprograms/FinalizedReadyForMetrics/ProgrammabilityMetricsOutput/MotifSearch/MASS/raw/cccc/unsigned.xml,CCCC_Project/module_summary[0]/coupling_between_objects[12],coupling_between_objects,coupling_between_objects,1.0
/home/NETID/kyryllk/497finalprograms/FinalizedReadyForMetrics/ProgrammabilityMetricsOutput/MotifSearch/MASS/raw/cccc/unsigned.xml,CCCC_Project/module_summary[0]/number_of_children[11],number_of_children,number_of_children,0.0
/home/NETID/kyryllk/497finalprograms/FinalizedReadyForMetrics/ProgrammabilityMetricsOutput/MotifSearch/MASS/raw/cccc/unsigned.xml,CCCC_Project/module_summary[0]/depth_of_inheritance_tree[10],depth_of_inheritance_tree,depth_of_inheritance_tree,0.0
/home/NETID/kyryllk/497finalprograms/FinalizedReadyForMetrics/ProgrammabilityMetricsOutput/MotifSearch/MASS/raw/cccc/unsigned.xml,CCCC_Project/module_summary[0]/weighted_methods_per_class_visibility[9],weighted_methods_per_class_visibility,weighted_methods_per_class_visibility,0.0
/home/NETID/kyryllk/497finalprograms/FinalizedReadyForMetrics/ProgrammabilityMetricsOutput/MotifSearch/MASS/raw/cccc/unsigned.xml,CCCC_Project/module_summary[0]/weighted_methods_per_class_unity[8],weighted_methods_per_class_unity,weighted_methods_per_class_unity,0.0
/home/NETID/kyryllk/497finalprograms/FinalizedReadyForMetrics/ProgrammabilityMetricsOutput/MotifSearch/MASS/raw/cccc/unsigned.xml,CCCC_Project/module_summary[0]/lines_of_code[4],lines_of_code,lines_of_code,0.0
/home/NETID/kyryllk/497finalprograms/FinalizedReadyForMetrics/ProgrammabilityMetricsOutput/MotifSearch/MASS/raw/cccc/unsigned.xml,CCCC_Project/module_summary[0]/McCabes_cyclomatic_complexity[2],mccabes_cyclomatic_complexity,McCabes_cyclomatic_complexity,0.0
/home/NETID/kyryllk/497finalprograms/FinalizedReadyForMetrics/ProgrammabilityMetricsOutput/MotifSearch/MASS/raw/cccc/unsigned.xml,CCCC_Project/module_summary[0]/lines_of_code[0],lines_of_code,lines_of_code,0.0
/home/NETID/kyryllk/497finalprograms/FinalizedReadyForMetrics/ProgrammabilityMetricsOutput/MotifSearch/MASS/raw/cccc/vector.xml,CCCC_Project/module_summary[0]/IF4_concrete[17],if4_concrete,IF4_concrete,0.0
/home/NETID/kyryllk/497finalprograms/FinalizedReadyForMetrics/ProgrammabilityMetricsOutput/MotifSearch/MASS/raw/cccc/vector.xml,CCCC_Project/module_summary[0]/IF4_visible[15],if4_visible,IF4_visible,0.0
/home/NETID/kyryllk/497finalprograms/FinalizedReadyForMetrics/ProgrammabilityMetricsOutput/MotifSearch/MASS/raw/cccc/vector.xml,CCCC_Project/module_summary[0]/IF4[13],if4,IF4,0.0
/home/NETID/kyryllk/497finalprograms/FinalizedReadyForMetrics/ProgrammabilityMetricsOutput/MotifSearch/MASS/raw/cccc/vector.xml,CCCC_Project/module_summary[0]/coupling_between_objects[12],coupling_between_objects,coupling_between_objects,1.0
/home/NETID/kyryllk/497finalprograms/FinalizedReadyForMetrics/ProgrammabilityMetricsOutput/MotifSearch/MASS/raw/cccc/vector.xml,CCCC_Project/module_summary[0]/number_of_children[11],number_of_children,number_of_children,0.0
/home/NETID/kyryllk/497finalprograms/FinalizedReadyForMetrics/ProgrammabilityMetricsOutput/MotifSearch/MASS/raw/cccc/vector.xml,CCCC_Project/module_summary[0]/depth_of_inheritance_tree[10],depth_of_inheritance_tree,depth_of_inheritance_tree,0.0
/home/NETID/kyryllk/497finalprograms/FinalizedReadyForMetrics/ProgrammabilityMetricsOutput/MotifSearch/MASS/raw/cccc/vector.xml,CCCC_Project/module_summary[0]/weighted_methods_per_class_visibility[9],weighted_methods_per_class_visibility,weighted_methods_per_class_visibility,0.0
/home/NETID/kyryllk/497finalprograms/FinalizedReadyForMetrics/ProgrammabilityMetricsOutput/MotifSearch/MASS/raw/cccc/vector.xml,CCCC_Project/module_summary[0]/weighted_methods_per_class_unity[8],weighted_methods_per_class_unity,weighted_methods_per_class_unity,0.0
/home/NETID/kyryllk/497finalprograms/FinalizedReadyForMetrics/ProgrammabilityMetricsOutput/MotifSearch/MASS/raw/cccc/vector.xml,CCCC_Project/module_summary[0]/lines_of_code[4],lines_of_code,lines_of_code,0.0
/home/NETID/kyryllk/497finalprograms/FinalizedReadyForMetrics/ProgrammabilityMetricsOutput/MotifSearch/MASS/raw/cccc/vector.xml,CCCC_Project/module_summary[0]/McCabes_cyclomatic_complexity[2],mccabes_cyclomatic_complexity,McCabes_cyclomatic_complexity,0.0
/home/NETID/kyryllk/497finalprograms/FinalizedReadyForMetrics/ProgrammabilityMetricsOutput/MotifSearch/MASS/raw/cccc/vector.xml,CCCC_Project/module_summary[0]/lines_of_code[0],lines_of_code,lines_of_code,0.0
